repeat,alpha_idx,ccp_alpha,fold,n_val,n_leaves_val,pairs_val,sep_val,skipped,a_eff,mae_val
0,0,0.0,0,23,15.0,0,0.0,False,0.0,0.2866518894006932
0,0,0.0,1,22,14.0,0,0.0,False,0.0,1.2161631817697354
0,0,0.0,2,22,15.0,0,0.0,False,0.0,1.1991133321503462
0,0,0.0,3,22,11.0,0,0.0,False,0.0,0.37304258861461714
0,0,0.0,4,22,13.0,0,0.0,False,0.0,0.34870709533452576
0,0,0.0,CV-agg,111,13.6,0,0.0,False,,0.6811492775616116
0,1,0.00047958031567315717,0,23,15.0,0,0.0,False,0.00047958031567315717,0.2866518894006932
0,1,0.00047958031567315717,1,22,14.0,0,0.0,False,0.00047958031567315717,1.2161631817697354
0,1,0.00047958031567315717,2,22,15.0,0,0.0,False,0.00047958031567315717,1.2122016419028767
0,1,0.00047958031567315717,3,22,11.0,0,0.0,False,0.00047958031567315717,0.37304258861461714
0,1,0.00047958031567315717,4,22,13.0,0,0.0,False,0.00047958031567315717,0.34870709533452576
0,1,0.00047958031567315717,CV-agg,111,13.6,0,0.0,False,,0.6837433569720229
0,2,0.00047958031567317365,0,23,15.0,0,0.0,False,0.00047958031567317365,0.2866518894006932
0,2,0.00047958031567317365,1,22,14.0,0,0.0,False,0.00047958031567317365,1.2161631817697354
0,2,0.00047958031567317365,2,22,15.0,0,0.0,False,0.00047958031567317365,1.2122016419028767
0,2,0.00047958031567317365,3,22,11.0,0,0.0,False,0.00047958031567317365,0.37304258861461714
0,2,0.00047958031567317365,4,22,13.0,0,0.0,False,0.00047958031567317365,0.34870709533452576
0,2,0.00047958031567317365,CV-agg,111,13.6,0,0.0,False,,0.6837433569720229
0,3,0.0008277924797242989,0,23,15.0,0,0.0,False,0.0008277924797242989,0.2928374018663088
0,3,0.0008277924797242989,1,22,14.0,0,0.0,False,0.0008277924797242989,1.2161631817697354
0,3,0.0008277924797242989,2,22,15.0,0,0.0,False,0.0008277924797242989,1.2122016419028767
0,3,0.0008277924797242989,3,22,10.0,0,0.0,False,0.0008277924797242989,0.37840122847018276
0,3,0.0008277924797242989,4,22,13.0,0,0.0,False,0.0008277924797242989,0.34870709533452576
0,3,0.0008277924797242989,CV-agg,111,13.4,0,0.0,False,,0.6860871124993347
0,4,0.000858926841706552,0,23,15.0,0,0.0,False,0.000858926841706552,0.2928374018663088
0,4,0.000858926841706552,1,22,14.0,0,0.0,False,0.000858926841706552,1.2161631817697354
0,4,0.000858926841706552,2,22,15.0,0,0.0,False,0.000858926841706552,1.2122016419028767
0,4,0.000858926841706552,3,22,10.0,0,0.0,False,0.000858926841706552,0.37840122847018276
0,4,0.000858926841706552,4,22,13.0,0,0.0,False,0.000858926841706552,0.34870709533452576
0,4,0.000858926841706552,CV-agg,111,13.4,0,0.0,False,,0.6860871124993347
0,5,0.007524526016997861,0,23,14.0,0,0.0,False,0.007524526016997861,0.32723806586821874
0,5,0.007524526016997861,1,22,12.0,0,0.0,False,0.007524526016997861,1.2621321136077042
0,5,0.007524526016997861,2,22,13.0,0,0.0,False,0.007524526016997861,1.2084248981191001
0,5,0.007524526016997861,3,22,9.0,0,0.0,False,0.007524526016997861,0.3791363599892481
0,5,0.007524526016997861,4,22,13.0,0,0.0,False,0.007524526016997861,0.3482191567100133
0,5,0.007524526016997861,CV-agg,111,12.2,0,0.0,False,,0.7016265868499322
0,6,0.008159758024050771,0,23,14.0,0,0.0,False,0.008159758024050771,0.32723806586821874
0,6,0.008159758024050771,1,22,12.0,0,0.0,False,0.008159758024050771,1.2621321136077042
0,6,0.008159758024050771,2,22,12.0,1,2.1462823694032545,False,0.008159758024050771,1.2371151427580065
0,6,0.008159758024050771,3,22,8.0,0,0.0,False,0.008159758024050771,0.39059652502431985
0,6,0.008159758024050771,4,22,12.0,0,0.0,False,0.008159758024050771,0.35816101935599187
0,6,0.008159758024050771,CV-agg,111,11.6,1,0.0,False,,0.711554784967401
0,7,0.008159758024050803,0,23,14.0,0,0.0,False,0.008159758024050803,0.32723806586821874
0,7,0.008159758024050803,1,22,12.0,0,0.0,False,0.008159758024050803,1.2621321136077042
0,7,0.008159758024050803,2,22,12.0,1,2.1462823694032545,False,0.008159758024050803,1.2371151427580065
0,7,0.008159758024050803,3,22,8.0,0,0.0,False,0.008159758024050803,0.39059652502431985
0,7,0.008159758024050803,4,22,12.0,0,0.0,False,0.008159758024050803,0.35816101935599187
0,7,0.008159758024050803,CV-agg,111,11.6,1,0.0,False,,0.711554784967401
0,8,0.008159758024050804,0,23,14.0,0,0.0,False,0.008159758024050804,0.32723806586821874
0,8,0.008159758024050804,1,22,12.0,0,0.0,False,0.008159758024050804,1.2621321136077042
0,8,0.008159758024050804,2,22,12.0,1,2.1462823694032545,False,0.008159758024050804,1.2371151427580065
0,8,0.008159758024050804,3,22,8.0,0,0.0,False,0.008159758024050804,0.39059652502431985
0,8,0.008159758024050804,4,22,12.0,0,0.0,False,0.008159758024050804,0.35816101935599187
0,8,0.008159758024050804,CV-agg,111,11.6,1,0.0,False,,0.711554784967401
0,9,0.008483686648344271,0,23,14.0,0,0.0,False,0.008483686648344271,0.32723806586821874
0,9,0.008483686648344271,1,22,12.0,0,0.0,False,0.008483686648344271,1.2621321136077042
0,9,0.008483686648344271,2,22,12.0,1,2.1462823694032545,False,0.008483686648344271,1.2371151427580065
0,9,0.008483686648344271,3,22,8.0,0,0.0,False,0.008483686648344271,0.39059652502431985
0,9,0.008483686648344271,4,22,12.0,0,0.0,False,0.008483686648344271,0.3622418405009498
0,9,0.008483686648344271,CV-agg,111,11.6,1,0.0,False,,0.7123635963655008
0,10,0.010153048468028064,0,23,14.0,0,0.0,False,0.010153048468028064,0.32723806586821874
0,10,0.010153048468028064,1,22,12.0,0,0.0,False,0.010153048468028064,1.2621321136077042
0,10,0.010153048468028064,2,22,12.0,1,2.1462823694032545,False,0.010153048468028064,1.2371151427580065
0,10,0.010153048468028064,3,22,8.0,0,0.0,False,0.010153048468028064,0.39059652502431985
0,10,0.010153048468028064,4,22,11.0,0,0.0,False,0.010153048468028064,0.3622418405009498
0,10,0.010153048468028064,CV-agg,111,11.4,1,0.0,False,,0.7123635963655008
0,11,0.010185249209674126,0,23,14.0,0,0.0,False,0.010185249209674126,0.32723806586821874
0,11,0.010185249209674126,1,22,12.0,0,0.0,False,0.010185249209674126,1.2621321136077042
0,11,0.010185249209674126,2,22,12.0,1,2.1462823694032545,False,0.010185249209674126,1.2371151427580065
0,11,0.010185249209674126,3,22,8.0,0,0.0,False,0.010185249209674126,0.39059652502431985
0,11,0.010185249209674126,4,22,11.0,0,0.0,False,0.010185249209674126,0.3622418405009498
0,11,0.010185249209674126,CV-agg,111,11.4,1,0.0,False,,0.7123635963655008
0,12,0.01221181679821274,0,23,12.0,0,0.0,False,0.01221181679821274,0.3350088691424199
0,12,0.01221181679821274,1,22,12.0,0,0.0,False,0.01221181679821274,1.2621321136077042
0,12,0.01221181679821274,2,22,11.0,1,2.1462823694032545,False,0.01221181679821274,1.2355968403689133
0,12,0.01221181679821274,3,22,8.0,0,0.0,False,0.01221181679821274,0.39059652502431985
0,12,0.01221181679821274,4,22,10.0,0,0.0,False,0.01221181679821274,0.38036093224099754
0,12,0.01221181679821274,CV-agg,111,10.6,1,0.0,False,,0.7172640093477317
0,13,0.01245039881090424,0,23,12.0,0,0.0,False,0.01245039881090424,0.3350088691424199
0,13,0.01245039881090424,1,22,12.0,0,0.0,False,0.01245039881090424,1.2621321136077042
0,13,0.01245039881090424,2,22,11.0,1,2.1462823694032545,False,0.01245039881090424,1.2355968403689133
0,13,0.01245039881090424,3,22,8.0,0,0.0,False,0.01245039881090424,0.39059652502431985
0,13,0.01245039881090424,4,22,10.0,0,0.0,False,0.01245039881090424,0.3832675503090824
0,13,0.01245039881090424,CV-agg,111,10.6,1,0.0,False,,0.7178400958116764
0,14,0.012589354642106768,0,23,12.0,0,0.0,False,0.012589354642106768,0.3350088691424199
0,14,0.012589354642106768,1,22,12.0,0,0.0,False,0.012589354642106768,1.2621321136077042
0,14,0.012589354642106768,2,22,11.0,1,2.1462823694032545,False,0.012589354642106768,1.2355968403689133
0,14,0.012589354642106768,3,22,8.0,0,0.0,False,0.012589354642106768,0.39059652502431985
0,14,0.012589354642106768,4,22,10.0,0,0.0,False,0.012589354642106768,0.3832675503090824
0,14,0.012589354642106768,CV-agg,111,10.6,1,0.0,False,,0.7178400958116764
0,15,0.020501396280307616,0,23,11.0,0,0.0,False,0.020501396280307616,0.36633346416174206
0,15,0.020501396280307616,1,22,8.0,0,0.0,False,0.020501396280307616,1.2698400492851027
0,15,0.020501396280307616,2,22,9.0,2,2.344014066552637,False,0.020501396280307616,1.1420734808004929
0,15,0.020501396280307616,3,22,7.0,0,0.0,False,0.020501396280307616,0.4584983521699976
0,15,0.020501396280307616,4,22,10.0,0,0.0,False,0.020501396280307616,0.3862431165176145
0,15,0.020501396280307616,CV-agg,111,9.0,2,0.0,False,,0.7213700869255012
0,16,0.025350554793552395,0,23,9.0,1,0.0,False,0.025350554793552395,0.45020936079892115
0,16,0.025350554793552395,1,22,8.0,0,0.0,False,0.025350554793552395,1.2698400492851027
0,16,0.025350554793552395,2,22,8.0,1,3.702782512277203,False,0.025350554793552395,1.18881845847442
0,16,0.025350554793552395,3,22,7.0,0,0.0,False,0.025350554793552395,0.4584983521699976
0,16,0.025350554793552395,4,22,9.0,1,2.4724038634227288,False,0.025350554793552395,0.41545921088153387
0,16,0.025350554793552395,CV-agg,111,8.2,3,0.0,False,,0.7538051248307961
0,17,0.02715810815843226,0,23,9.0,1,0.0,False,0.02715810815843226,0.45020936079892115
0,17,0.02715810815843226,1,22,8.0,0,0.0,False,0.02715810815843226,1.2698400492851027
0,17,0.02715810815843226,2,22,7.0,1,3.702782512277203,False,0.02715810815843226,1.210135970459907
0,17,0.02715810815843226,3,22,7.0,0,0.0,False,0.02715810815843226,0.4584983521699976
0,17,0.02715810815843226,4,22,8.0,2,3.7064680988510137,False,0.02715810815843226,0.4701916548728681
0,17,0.02715810815843226,CV-agg,111,7.8,4,0.0,False,,0.7688780890784546
0,18,0.036604287418260675,0,23,8.0,2,6.6791109793031405,False,0.036604287418260675,0.4918852731189535
0,18,0.036604287418260675,1,22,7.0,1,2.4875413625355836,False,0.036604287418260675,1.2818305878313008
0,18,0.036604287418260675,2,22,7.0,1,3.702782512277203,False,0.036604287418260675,1.210135970459907
0,18,0.036604287418260675,3,22,6.0,1,3.8550629412813207,False,0.036604287418260675,0.4192523802059123
0,18,0.036604287418260675,4,22,7.0,3,3.106237322886028,False,0.036604287418260675,0.4604548743498507
0,18,0.036604287418260675,CV-agg,111,7.0,8,3.702782512277203,False,,0.7701818483276515
0,19,0.03945889666312164,0,23,8.0,2,6.6791109793031405,False,0.03945889666312164,0.4918852731189535
0,19,0.03945889666312164,1,22,7.0,1,2.4875413625355836,False,0.03945889666312164,1.2818305878313008
0,19,0.03945889666312164,2,22,7.0,1,3.702782512277203,False,0.03945889666312164,1.210135970459907
0,19,0.03945889666312164,3,22,5.0,2,5.911661023663015,False,0.03945889666312164,0.42649255478667575
0,19,0.03945889666312164,4,22,7.0,3,3.106237322886028,False,0.03945889666312164,0.4604548743498507
0,19,0.03945889666312164,CV-agg,111,6.8,9,3.702782512277203,False,,0.7716168378841991
0,20,0.042401440965059496,0,23,7.0,4,4.682809037557437,False,0.042401440965059496,0.4918852731189535
0,20,0.042401440965059496,1,22,7.0,1,2.4875413625355836,False,0.042401440965059496,1.2818305878313008
0,20,0.042401440965059496,2,22,7.0,1,3.702782512277203,False,0.042401440965059496,1.210135970459907
0,20,0.042401440965059496,3,22,5.0,2,5.911661023663015,False,0.042401440965059496,0.42649255478667575
0,20,0.042401440965059496,4,22,6.0,4,3.75033857442693,False,0.042401440965059496,0.4847686194778763
0,20,0.042401440965059496,CV-agg,111,6.4,12,3.75033857442693,False,,0.7764357783600239
0,21,0.08898070494176208,0,23,7.0,4,4.682809037557437,False,0.08898070494176208,0.4918852731189535
0,21,0.08898070494176208,1,22,5.0,2,2.4875413625355836,False,0.08898070494176208,0.8288981141767136
0,21,0.08898070494176208,2,22,5.0,3,3.702782512277203,False,0.08898070494176208,0.7763654515031199
0,21,0.08898070494176208,3,22,5.0,2,5.911661023663015,False,0.08898070494176208,0.42649255478667575
0,21,0.08898070494176208,4,22,6.0,4,3.75033857442693,False,0.08898070494176208,0.4847686194778763
0,21,0.08898070494176208,CV-agg,111,5.6,15,3.75033857442693,False,,0.6006928428874991
0,22,0.09813270153280636,0,23,7.0,4,4.682809037557437,False,0.09813270153280636,0.4918852731189535
0,22,0.09813270153280636,1,22,5.0,2,2.4875413625355836,False,0.09813270153280636,0.8288981141767136
0,22,0.09813270153280636,2,22,5.0,3,3.702782512277203,False,0.09813270153280636,0.7763654515031199
0,22,0.09813270153280636,3,22,5.0,2,5.911661023663015,False,0.09813270153280636,0.42649255478667575
0,22,0.09813270153280636,4,22,6.0,4,3.75033857442693,False,0.09813270153280636,0.4847686194778763
0,22,0.09813270153280636,CV-agg,111,5.6,15,3.75033857442693,False,,0.6006928428874991
0,23,0.13885063626760824,0,23,7.0,4,4.682809037557437,False,0.13885063626760824,0.4918852731189535
0,23,0.13885063626760824,1,22,5.0,2,2.4875413625355836,False,0.13885063626760824,0.8288981141767136
0,23,0.13885063626760824,2,22,5.0,3,3.702782512277203,False,0.13885063626760824,0.7763654515031199
0,23,0.13885063626760824,3,22,4.0,1,7.7968759325129,False,0.13885063626760824,0.7268908355784749
0,23,0.13885063626760824,4,22,5.0,3,3.3164006241023642,False,0.13885063626760824,0.6756983994416591
0,23,0.13885063626760824,CV-agg,111,5.2,13,3.702782512277203,False,,0.6980731792534705
0,24,0.1687554702257067,0,23,6.0,4,4.682809037557437,False,0.1687554702257067,0.583728966057957
0,24,0.1687554702257067,1,22,3.0,2,1.4126809214317706,False,0.1687554702257067,1.152162869194419
0,24,0.1687554702257067,2,22,3.0,2,1.6420522941493736,False,0.1687554702257067,1.0694392534279191
0,24,0.1687554702257067,3,22,4.0,1,7.7968759325129,False,0.1687554702257067,0.9120387996905596
0,24,0.1687554702257067,4,22,5.0,3,3.3164006241023642,False,0.1687554702257067,0.6756983994416591
0,24,0.1687554702257067,CV-agg,111,4.2,12,3.3164006241023642,False,,0.8759570387201195
0,25,0.42534399907543685,0,23,3.0,2,1.1999854814497082,False,0.42534399907543685,1.6993558827807458
0,25,0.42534399907543685,1,22,3.0,2,1.4126809214317706,False,0.42534399907543685,1.152162869194419
0,25,0.42534399907543685,2,22,3.0,2,1.6420522941493736,False,0.42534399907543685,1.0694392534279191
0,25,0.42534399907543685,3,22,2.0,1,3.829007169632348,False,0.42534399907543685,1.6169001846001654
0,25,0.42534399907543685,4,22,2.0,1,1.59583951173775,False,0.42534399907543685,2.11354155099859
0,25,0.42534399907543685,CV-agg,111,2.6,8,1.59583951173775,False,,1.5318031548182092
0,26,2.349673948884258,0,23,2.0,1,1.6075887453944204,False,2.349673948884258,2.040063091985231
0,26,2.349673948884258,1,22,1.0,0,,True,2.349673948884258,4.631236140579601
0,26,2.349673948884258,2,22,1.0,0,,True,2.349673948884258,4.5509125692526675
0,26,2.349673948884258,3,22,1.0,0,,True,2.349673948884258,5.010610752766626
0,26,2.349673948884258,4,22,1.0,0,,True,2.349673948884258,4.756122222969065
0,26,2.349673948884258,CV-agg,111,2.0,1,1.6075887453944204,True,,4.178349983767165
1,0,0.0,0,23,16.0,0,0.0,False,0.0,1.2265151147704123
1,0,0.0,1,22,15.0,0,0.0,False,0.0,0.2981575414610103
1,0,0.0,2,22,13.0,1,1.7363359182985763,False,0.0,0.3883773694176794
1,0,0.0,3,22,14.0,0,0.0,False,0.0,0.3602897989765552
1,0,0.0,4,22,14.0,0,0.0,False,0.0,1.119312481922826
1,0,0.0,CV-agg,111,14.4,1,0.0,False,,0.683467259989523
1,1,0.00047958031567315717,0,23,16.0,0,0.0,False,0.00047958031567315717,1.2265151147704123
1,1,0.00047958031567315717,1,22,15.0,0,0.0,False,0.00047958031567315717,0.29854192660949547
1,1,0.00047958031567315717,2,22,13.0,1,1.7363359182985763,False,0.00047958031567315717,0.3883773694176794
1,1,0.00047958031567315717,3,22,14.0,0,0.0,False,0.00047958031567315717,0.3602897989765552
1,1,0.00047958031567315717,4,22,14.0,0,0.0,False,0.00047958031567315717,1.1195465031158098
1,1,0.00047958031567315717,CV-agg,111,14.4,1,0.0,False,,0.6835898270121563
1,2,0.00047958031567317365,0,23,16.0,0,0.0,False,0.00047958031567317365,1.2265151147704123
1,2,0.00047958031567317365,1,22,15.0,0,0.0,False,0.00047958031567317365,0.29854192660949547
1,2,0.00047958031567317365,2,22,13.0,1,1.7363359182985763,False,0.00047958031567317365,0.3883773694176794
1,2,0.00047958031567317365,3,22,14.0,0,0.0,False,0.00047958031567317365,0.3602897989765552
1,2,0.00047958031567317365,4,22,14.0,0,0.0,False,0.00047958031567317365,1.1195465031158098
1,2,0.00047958031567317365,CV-agg,111,14.4,1,0.0,False,,0.6835898270121563
1,3,0.0008277924797242989,0,23,16.0,0,0.0,False,0.0008277924797242989,1.2265151147704123
1,3,0.0008277924797242989,1,22,15.0,0,0.0,False,0.0008277924797242989,0.29854192660949547
1,3,0.0008277924797242989,2,22,13.0,1,1.7363359182985763,False,0.0008277924797242989,0.3883773694176794
1,3,0.0008277924797242989,3,22,14.0,0,0.0,False,0.0008277924797242989,0.3602897989765552
1,3,0.0008277924797242989,4,22,14.0,0,0.0,False,0.0008277924797242989,1.1195465031158098
1,3,0.0008277924797242989,CV-agg,111,14.4,1,0.0,False,,0.6835898270121563
1,4,0.000858926841706552,0,23,16.0,0,0.0,False,0.000858926841706552,1.2265151147704123
1,4,0.000858926841706552,1,22,15.0,0,0.0,False,0.000858926841706552,0.29854192660949547
1,4,0.000858926841706552,2,22,13.0,1,1.7363359182985763,False,0.000858926841706552,0.3883773694176794
1,4,0.000858926841706552,3,22,14.0,0,0.0,False,0.000858926841706552,0.3602897989765552
1,4,0.000858926841706552,4,22,14.0,0,0.0,False,0.000858926841706552,1.1195465031158098
1,4,0.000858926841706552,CV-agg,111,14.4,1,0.0,False,,0.6835898270121563
1,5,0.007524526016997861,0,23,15.0,0,0.0,False,0.007524526016997861,1.2310374687618957
1,5,0.007524526016997861,1,22,13.0,0,0.0,False,0.007524526016997861,0.3050198868491383
1,5,0.007524526016997861,2,22,12.0,0,0.0,False,0.007524526016997861,0.4112369779440204
1,5,0.007524526016997861,3,22,11.0,0,0.0,False,0.007524526016997861,0.38474757359623174
1,5,0.007524526016997861,4,22,14.0,0,0.0,False,0.007524526016997861,1.1195465031158098
1,5,0.007524526016997861,CV-agg,111,13.0,0,0.0,False,,0.6951890314832252
1,6,0.008159758024050771,0,23,13.0,0,0.0,False,0.008159758024050771,1.2493094911274054
1,6,0.008159758024050771,1,22,13.0,0,0.0,False,0.008159758024050771,0.3050198868491383
1,6,0.008159758024050771,2,22,11.0,0,0.0,False,0.008159758024050771,0.42269714297909217
1,6,0.008159758024050771,3,22,11.0,0,0.0,False,0.008159758024050771,0.38474757359623174
1,6,0.008159758024050771,4,22,13.0,0,0.0,False,0.008159758024050771,1.124528722555298
1,6,0.008159758024050771,CV-agg,111,12.2,0,0.0,False,,0.7022339771845499
1,7,0.008159758024050803,0,23,13.0,0,0.0,False,0.008159758024050803,1.2493094911274054
1,7,0.008159758024050803,1,22,13.0,0,0.0,False,0.008159758024050803,0.3050198868491383
1,7,0.008159758024050803,2,22,11.0,0,0.0,False,0.008159758024050803,0.42269714297909217
1,7,0.008159758024050803,3,22,11.0,0,0.0,False,0.008159758024050803,0.38474757359623174
1,7,0.008159758024050803,4,22,13.0,0,0.0,False,0.008159758024050803,1.124528722555298
1,7,0.008159758024050803,CV-agg,111,12.2,0,0.0,False,,0.7022339771845499
1,8,0.008159758024050804,0,23,13.0,0,0.0,False,0.008159758024050804,1.2493094911274054
1,8,0.008159758024050804,1,22,13.0,0,0.0,False,0.008159758024050804,0.3050198868491383
1,8,0.008159758024050804,2,22,11.0,0,0.0,False,0.008159758024050804,0.42269714297909217
1,8,0.008159758024050804,3,22,11.0,0,0.0,False,0.008159758024050804,0.38474757359623174
1,8,0.008159758024050804,4,22,13.0,0,0.0,False,0.008159758024050804,1.124528722555298
1,8,0.008159758024050804,CV-agg,111,12.2,0,0.0,False,,0.7022339771845499
1,9,0.008483686648344271,0,23,13.0,0,0.0,False,0.008483686648344271,1.2493094911274054
1,9,0.008483686648344271,1,22,13.0,0,0.0,False,0.008483686648344271,0.3050198868491383
1,9,0.008483686648344271,2,22,11.0,0,0.0,False,0.008483686648344271,0.4236662956911411
1,9,0.008483686648344271,3,22,11.0,0,0.0,False,0.008483686648344271,0.38474757359623174
1,9,0.008483686648344271,4,22,13.0,0,0.0,False,0.008483686648344271,1.1334489450675034
1,9,0.008483686648344271,CV-agg,111,12.2,0,0.0,False,,0.704194033535303
1,10,0.010153048468028064,0,23,13.0,0,0.0,False,0.010153048468028064,1.2493094911274054
1,10,0.010153048468028064,1,22,12.0,0,0.0,False,0.010153048468028064,0.30858146950577797
1,10,0.010153048468028064,2,22,11.0,0,0.0,False,0.010153048468028064,0.42468793582491426
1,10,0.010153048468028064,3,22,9.0,1,4.276094141012064,False,0.010153048468028064,0.3642786080164226
1,10,0.010153048468028064,4,22,13.0,0,0.0,False,0.010153048468028064,1.1334489450675034
1,10,0.010153048468028064,CV-agg,111,11.6,1,0.0,False,,0.7010455079374047
1,11,0.010185249209674126,0,23,13.0,0,0.0,False,0.010185249209674126,1.2493094911274054
1,11,0.010185249209674126,1,22,12.0,0,0.0,False,0.010185249209674126,0.30858146950577797
1,11,0.010185249209674126,2,22,11.0,0,0.0,False,0.010185249209674126,0.42468793582491426
1,11,0.010185249209674126,3,22,9.0,1,4.276094141012064,False,0.010185249209674126,0.3642786080164226
1,11,0.010185249209674126,4,22,13.0,0,0.0,False,0.010185249209674126,1.1334489450675034
1,11,0.010185249209674126,CV-agg,111,11.6,1,0.0,False,,0.7010455079374047
1,12,0.01221181679821274,0,23,13.0,0,0.0,False,0.01221181679821274,1.2493094911274054
1,12,0.01221181679821274,1,22,12.0,0,0.0,False,0.01221181679821274,0.2892030489396924
1,12,0.01221181679821274,2,22,11.0,0,0.0,False,0.01221181679821274,0.42468793582491426
1,12,0.01221181679821274,3,22,9.0,1,4.276094141012064,False,0.01221181679821274,0.3642786080164226
1,12,0.01221181679821274,4,22,13.0,0,0.0,False,0.01221181679821274,1.1334489450675034
1,12,0.01221181679821274,CV-agg,111,11.6,1,0.0,False,,0.6972047398972797
1,13,0.01245039881090424,0,23,13.0,0,0.0,False,0.01245039881090424,1.2493094911274054
1,13,0.01245039881090424,1,22,12.0,0,0.0,False,0.01245039881090424,0.2892030489396924
1,13,0.01245039881090424,2,22,11.0,0,0.0,False,0.01245039881090424,0.42468793582491426
1,13,0.01245039881090424,3,22,9.0,1,4.276094141012064,False,0.01245039881090424,0.3642786080164226
1,13,0.01245039881090424,4,22,13.0,0,0.0,False,0.01245039881090424,1.1334489450675034
1,13,0.01245039881090424,CV-agg,111,11.6,1,0.0,False,,0.6972047398972797
1,14,0.012589354642106768,0,23,13.0,0,0.0,False,0.012589354642106768,1.2493094911274054
1,14,0.012589354642106768,1,22,12.0,0,0.0,False,0.012589354642106768,0.2892030489396924
1,14,0.012589354642106768,2,22,11.0,0,0.0,False,0.012589354642106768,0.42468793582491426
1,14,0.012589354642106768,3,22,9.0,1,4.276094141012064,False,0.012589354642106768,0.3642786080164226
1,14,0.012589354642106768,4,22,13.0,0,0.0,False,0.012589354642106768,1.1334489450675034
1,14,0.012589354642106768,CV-agg,111,11.6,1,0.0,False,,0.6972047398972797
1,15,0.020501396280307616,0,23,10.0,0,0.0,False,0.020501396280307616,1.262875391637634
1,15,0.020501396280307616,1,22,10.0,1,6.890670604639699,False,0.020501396280307616,0.25785493206494564
1,15,0.020501396280307616,2,22,10.0,0,0.0,False,0.020501396280307616,0.46304130356886763
1,15,0.020501396280307616,3,22,9.0,1,4.276094141012064,False,0.020501396280307616,0.3635434764973572
1,15,0.020501396280307616,4,22,12.0,1,2.2389248164561626,False,0.020501396280307616,1.1719648904423983
1,15,0.020501396280307616,CV-agg,111,10.2,3,2.2389248164561626,False,,0.7088922095881449
1,16,0.025350554793552395,0,23,9.0,0,0.0,False,0.025350554793552395,1.2989019150400545
1,16,0.025350554793552395,1,22,9.0,1,6.890670604639699,False,0.025350554793552395,0.287071026428865
1,16,0.025350554793552395,2,22,9.0,0,0.0,False,0.025350554793552395,0.5213612151898714
1,16,0.025350554793552395,3,22,9.0,1,4.276094141012064,False,0.025350554793552395,0.3635434764973572
1,16,0.025350554793552395,4,22,11.0,0,0.0,False,0.025350554793552395,1.2258654270001552
1,16,0.025350554793552395,CV-agg,111,9.4,2,0.0,False,,0.7443896327790877
1,17,0.02715810815843226,0,23,9.0,0,0.0,False,0.02715810815843226,1.2989019150400545
1,17,0.02715810815843226,1,22,9.0,1,6.890670604639699,False,0.02715810815843226,0.287071026428865
1,17,0.02715810815843226,2,22,9.0,0,0.0,False,0.02715810815843226,0.5213612151898714
1,17,0.02715810815843226,3,22,8.0,1,4.276094141012064,False,0.02715810815843226,0.3848609884828443
1,17,0.02715810815843226,4,22,11.0,0,0.0,False,0.02715810815843226,1.2258654270001552
1,17,0.02715810815843226,CV-agg,111,9.2,2,0.0,False,,0.7486147252446798
1,18,0.036604287418260675,0,23,7.0,1,1.7023137192975175,False,0.036604287418260675,1.3058634345315836
1,18,0.036604287418260675,1,22,6.0,4,5.550273489893201,False,0.036604287418260675,0.4064793316995749
1,18,0.036604287418260675,2,22,7.0,1,2.371494168318471,False,0.036604287418260675,0.5629924983802665
1,18,0.036604287418260675,3,22,8.0,1,4.276094141012064,False,0.036604287418260675,0.3653147035753943
1,18,0.036604287418260675,4,22,8.0,1,3.5247468914879114,False,0.036604287418260675,1.248161980105387
1,18,0.036604287418260675,CV-agg,111,7.2,8,3.5247468914879114,False,,0.7825200567293704
1,19,0.03945889666312164,0,23,7.0,1,1.7023137192975175,False,0.03945889666312164,1.249287058628543
1,19,0.03945889666312164,1,22,6.0,4,5.550273489893201,False,0.03945889666312164,0.4064793316995749
1,19,0.03945889666312164,2,22,7.0,1,2.371494168318471,False,0.03945889666312164,0.5629924983802665
1,19,0.03945889666312164,3,22,7.0,1,3.563802496097707,False,0.03945889666312164,0.3920858562448741
1,19,0.03945889666312164,4,22,8.0,1,3.5247468914879114,False,0.03945889666312164,1.248161980105387
1,19,0.03945889666312164,CV-agg,111,7.0,8,3.5247468914879114,False,,0.776103018107376
1,20,0.042401440965059496,0,23,7.0,1,1.7023137192975175,False,0.042401440965059496,1.249287058628543
1,20,0.042401440965059496,1,22,6.0,4,5.550273489893201,False,0.042401440965059496,0.4064793316995749
1,20,0.042401440965059496,2,22,6.0,1,2.371494168318471,False,0.042401440965059496,0.5571059573781495
1,20,0.042401440965059496,3,22,7.0,1,3.563802496097707,False,0.042401440965059496,0.3877747414961117
1,20,0.042401440965059496,4,22,8.0,1,3.5247468914879114,False,0.042401440965059496,1.248161980105387
1,20,0.042401440965059496,CV-agg,111,6.8,8,3.5247468914879114,False,,0.7740818611117063
1,21,0.08898070494176208,0,23,5.0,3,1.3665191903185148,False,0.08898070494176208,0.8143315558317044
1,21,0.08898070494176208,1,22,6.0,4,5.550273489893201,False,0.08898070494176208,0.4064793316995749
1,21,0.08898070494176208,2,22,6.0,1,2.371494168318471,False,0.08898070494176208,0.5571059573781495
1,21,0.08898070494176208,3,22,7.0,1,3.563802496097707,False,0.08898070494176208,0.3877747414961117
1,21,0.08898070494176208,4,22,8.0,1,3.5247468914879114,False,0.08898070494176208,1.2512256851816548
1,21,0.08898070494176208,CV-agg,111,6.4,10,3.5247468914879114,False,,0.6845631669436938
1,22,0.09813270153280636,0,23,5.0,3,1.3665191903185148,False,0.09813270153280636,0.8143315558317044
1,22,0.09813270153280636,1,22,6.0,4,5.550273489893201,False,0.09813270153280636,0.4064793316995749
1,22,0.09813270153280636,2,22,6.0,1,2.371494168318471,False,0.09813270153280636,0.5571059573781495
1,22,0.09813270153280636,3,22,7.0,1,3.563802496097707,False,0.09813270153280636,0.3877747414961117
1,22,0.09813270153280636,4,22,8.0,1,3.5247468914879114,False,0.09813270153280636,1.2512256851816548
1,22,0.09813270153280636,CV-agg,111,6.4,10,3.5247468914879114,False,,0.6845631669436938
1,23,0.13885063626760824,0,23,4.0,3,1.4674198063335415,False,0.13885063626760824,0.9673521217584351
1,23,0.13885063626760824,1,22,5.0,3,4.71281938982176,False,0.13885063626760824,0.719412443808181
1,23,0.13885063626760824,2,22,5.0,0,0.0,False,0.13885063626760824,0.8401892214041133
1,23,0.13885063626760824,3,22,6.0,1,3.563802496097707,False,0.13885063626760824,0.5836280973196492
1,23,0.13885063626760824,4,22,5.0,2,2.3323277088577874,False,0.13885063626760824,0.8700447997484843
1,23,0.13885063626760824,CV-agg,111,5.0,9,2.3323277088577874,False,,0.7976679204559768
1,24,0.1687554702257067,0,23,4.0,3,1.4674198063335415,False,0.1687554702257067,0.9673521217584351
1,24,0.1687554702257067,1,22,4.0,3,4.323867733575874,False,0.1687554702257067,0.7605879917786615
1,24,0.1687554702257067,2,22,5.0,0,0.0,False,0.1687554702257067,0.8401892214041133
1,24,0.1687554702257067,3,22,5.0,0,0.0,False,0.1687554702257067,0.8449068681009316
1,24,0.1687554702257067,4,22,4.0,1,1.9491566427836857,False,0.1687554702257067,1.0614793837566165
1,24,0.1687554702257067,CV-agg,111,4.4,7,1.4674198063335415,False,,0.895555811093073
1,25,0.42534399907543685,0,23,3.0,2,1.6102798759067942,False,0.42534399907543685,1.0302213186873523
1,25,0.42534399907543685,1,22,2.0,1,0.8981880946329497,False,0.42534399907543685,2.5860836207498576
1,25,0.42534399907543685,2,22,3.0,2,4.60596118700122,False,0.42534399907543685,0.9407371953036407
1,25,0.42534399907543685,3,22,3.0,2,1.3684982820546034,False,0.42534399907543685,1.3268102837503075
1,25,0.42534399907543685,4,22,2.0,1,2.270845680349327,False,0.42534399907543685,1.5509190020078985
1,25,0.42534399907543685,CV-agg,111,2.6,8,1.6102798759067942,False,,1.4828395726996992
1,26,2.349673948884258,0,23,1.0,0,,True,2.349673948884258,4.070362890112389
1,26,2.349673948884258,1,22,2.0,1,0.8981880946329497,False,2.349673948884258,2.5860836207498576
1,26,2.349673948884258,2,22,1.0,0,,True,2.349673948884258,5.439237629021577
1,26,2.349673948884258,3,22,1.0,0,,True,2.349673948884258,4.159474163538236
1,26,2.349673948884258,4,22,2.0,1,2.270845680349327,False,2.349673948884258,1.5509190020078985
1,26,2.349673948884258,CV-agg,111,2.0,2,1.5845168874911384,True,,3.5658023748610046
2,0,0.0,0,23,16.0,0,0.0,False,0.0,0.3065319677534775
2,0,0.0,1,22,10.0,2,5.47216956978558,False,0.0,0.3939556734554182
2,0,0.0,2,22,14.0,0,0.0,False,0.0,0.3029723804467247
2,0,0.0,3,22,14.0,0,0.0,False,0.0,0.2583583943258047
2,0,0.0,4,22,15.0,0,0.0,False,0.0,0.6506327220165403
2,0,0.0,CV-agg,111,13.8,2,0.0,False,,0.38180591895233074
2,1,0.00047958031567315717,0,23,15.0,0,0.0,False,0.00047958031567315717,0.3065319677534775
2,1,0.00047958031567315717,1,22,10.0,2,5.47216956978558,False,0.00047958031567315717,0.3939556734554182
2,1,0.00047958031567315717,2,22,14.0,0,0.0,False,0.00047958031567315717,0.3034737761917017
2,1,0.00047958031567315717,3,22,14.0,0,0.0,False,0.00047958031567315717,0.2583583943258047
2,1,0.00047958031567315717,4,22,15.0,0,0.0,False,0.00047958031567315717,0.6506327220165403
2,1,0.00047958031567315717,CV-agg,111,13.6,2,0.0,False,,0.38190529468556955
2,2,0.00047958031567317365,0,23,15.0,0,0.0,False,0.00047958031567317365,0.3065319677534775
2,2,0.00047958031567317365,1,22,10.0,2,5.47216956978558,False,0.00047958031567317365,0.3939556734554182
2,2,0.00047958031567317365,2,22,14.0,0,0.0,False,0.00047958031567317365,0.3034737761917017
2,2,0.00047958031567317365,3,22,14.0,0,0.0,False,0.00047958031567317365,0.2583583943258047
2,2,0.00047958031567317365,4,22,15.0,0,0.0,False,0.00047958031567317365,0.6506327220165403
2,2,0.00047958031567317365,CV-agg,111,13.6,2,0.0,False,,0.38190529468556955
2,3,0.0008277924797242989,0,23,15.0,0,0.0,False,0.0008277924797242989,0.3065319677534775
2,3,0.0008277924797242989,1,22,10.0,2,5.47216956978558,False,0.0008277924797242989,0.3939556734554182
2,3,0.0008277924797242989,2,22,14.0,0,0.0,False,0.0008277924797242989,0.3034737761917017
2,3,0.0008277924797242989,3,22,14.0,0,0.0,False,0.0008277924797242989,0.2583583943258047
2,3,0.0008277924797242989,4,22,15.0,0,0.0,False,0.0008277924797242989,0.6506327220165403
2,3,0.0008277924797242989,CV-agg,111,13.6,2,0.0,False,,0.38190529468556955
2,4,0.000858926841706552,0,23,15.0,0,0.0,False,0.000858926841706552,0.3065319677534775
2,4,0.000858926841706552,1,22,10.0,2,5.47216956978558,False,0.000858926841706552,0.3939556734554182
2,4,0.000858926841706552,2,22,14.0,0,0.0,False,0.000858926841706552,0.3034737761917017
2,4,0.000858926841706552,3,22,14.0,0,0.0,False,0.000858926841706552,0.2583583943258047
2,4,0.000858926841706552,4,22,15.0,0,0.0,False,0.000858926841706552,0.6506327220165403
2,4,0.000858926841706552,CV-agg,111,13.6,2,0.0,False,,0.38190529468556955
2,5,0.007524526016997861,0,23,14.0,0,0.0,False,0.007524526016997861,0.3117478776612655
2,5,0.007524526016997861,1,22,10.0,2,5.47216956978558,False,0.007524526016997861,0.39722896706872146
2,5,0.007524526016997861,2,22,13.0,1,7.477627173933186,False,0.007524526016997861,0.31404160570646905
2,5,0.007524526016997861,3,22,12.0,0,0.0,False,0.007524526016997861,0.2917827823503894
2,5,0.007524526016997861,4,22,11.0,1,0.9714673913836771,False,0.007524526016997861,0.6808166020122495
2,5,0.007524526016997861,CV-agg,111,12.0,4,0.9714673913836771,False,,0.39833639858776
2,6,0.008159758024050771,0,23,13.0,1,1.860469177073884,False,0.008159758024050771,0.3212574854095927
2,6,0.008159758024050771,1,22,10.0,2,5.47216956978558,False,0.008159758024050771,0.39722896706872146
2,6,0.008159758024050771,2,22,12.0,2,5.0930019574986085,False,0.008159758024050771,0.3435006206423457
2,6,0.008159758024050771,3,22,11.0,0,0.0,False,0.008159758024050771,0.3014954494343814
2,6,0.008159758024050771,4,22,11.0,1,0.9714673913836771,False,0.008159758024050771,0.6808166020122495
2,6,0.008159758024050771,CV-agg,111,11.4,6,1.860469177073884,False,,0.40807061464765754
2,7,0.008159758024050803,0,23,13.0,1,1.860469177073884,False,0.008159758024050803,0.3212574854095927
2,7,0.008159758024050803,1,22,10.0,2,5.47216956978558,False,0.008159758024050803,0.39722896706872146
2,7,0.008159758024050803,2,22,12.0,2,5.0930019574986085,False,0.008159758024050803,0.3435006206423457
2,7,0.008159758024050803,3,22,11.0,0,0.0,False,0.008159758024050803,0.3014954494343814
2,7,0.008159758024050803,4,22,11.0,1,0.9714673913836771,False,0.008159758024050803,0.6808166020122495
2,7,0.008159758024050803,CV-agg,111,11.4,6,1.860469177073884,False,,0.40807061464765754
2,8,0.008159758024050804,0,23,13.0,1,1.860469177073884,False,0.008159758024050804,0.3212574854095927
2,8,0.008159758024050804,1,22,10.0,2,5.47216956978558,False,0.008159758024050804,0.39722896706872146
2,8,0.008159758024050804,2,22,12.0,2,5.0930019574986085,False,0.008159758024050804,0.3435006206423457
2,8,0.008159758024050804,3,22,11.0,0,0.0,False,0.008159758024050804,0.3014954494343814
2,8,0.008159758024050804,4,22,11.0,1,0.9714673913836771,False,0.008159758024050804,0.6808166020122495
2,8,0.008159758024050804,CV-agg,111,11.4,6,1.860469177073884,False,,0.40807061464765754
2,9,0.008483686648344271,0,23,13.0,1,1.860469177073884,False,0.008483686648344271,0.3212574854095927
2,9,0.008483686648344271,1,22,10.0,2,5.47216956978558,False,0.008483686648344271,0.39722896706872146
2,9,0.008483686648344271,2,22,12.0,2,5.0930019574986085,False,0.008483686648344271,0.3435006206423457
2,9,0.008483686648344271,3,22,11.0,0,0.0,False,0.008483686648344271,0.3014954494343814
2,9,0.008483686648344271,4,22,11.0,1,0.9714673913836771,False,0.008483686648344271,0.6808166020122495
2,9,0.008483686648344271,CV-agg,111,11.4,6,1.860469177073884,False,,0.40807061464765754
2,10,0.010153048468028064,0,23,13.0,1,1.860469177073884,False,0.010153048468028064,0.3212574854095927
2,10,0.010153048468028064,1,22,10.0,2,5.47216956978558,False,0.010153048468028064,0.39722896706872146
2,10,0.010153048468028064,2,22,12.0,2,5.0930019574986085,False,0.010153048468028064,0.3459316094424686
2,10,0.010153048468028064,3,22,11.0,0,0.0,False,0.010153048468028064,0.3014954494343814
2,10,0.010153048468028064,4,22,11.0,1,0.9714673913836771,False,0.010153048468028064,0.6808166020122495
2,10,0.010153048468028064,CV-agg,111,11.4,6,1.860469177073884,False,,0.4085524322476819
2,11,0.010185249209674126,0,23,13.0,1,1.860469177073884,False,0.010185249209674126,0.3212574854095927
2,11,0.010185249209674126,1,22,10.0,2,5.47216956978558,False,0.010185249209674126,0.39722896706872146
2,11,0.010185249209674126,2,22,12.0,2,5.0930019574986085,False,0.010185249209674126,0.3459316094424686
2,11,0.010185249209674126,3,22,11.0,0,0.0,False,0.010185249209674126,0.3014954494343814
2,11,0.010185249209674126,4,22,11.0,1,0.9714673913836771,False,0.010185249209674126,0.6808166020122495
2,11,0.010185249209674126,CV-agg,111,11.4,6,1.860469177073884,False,,0.4085524322476819
2,12,0.01221181679821274,0,23,13.0,1,1.860469177073884,False,0.01221181679821274,0.30272160486811955
2,12,0.01221181679821274,1,22,9.0,2,4.615045318322999,False,0.01221181679821274,0.46595292287414414
2,12,0.01221181679821274,2,22,12.0,2,5.0930019574986085,False,0.01221181679821274,0.3459316094424686
2,12,0.01221181679821274,3,22,10.0,1,3.0370803995711984,False,0.01221181679821274,0.3158095990507525
2,12,0.01221181679821274,4,22,11.0,1,0.9714673913836771,False,0.01221181679821274,0.6808166020122495
2,12,0.01221181679821274,CV-agg,111,11.0,7,3.0370803995711984,False,,0.4211696670839484
2,13,0.01245039881090424,0,23,13.0,1,1.860469177073884,False,0.01245039881090424,0.30272160486811955
2,13,0.01245039881090424,1,22,9.0,2,4.615045318322999,False,0.01245039881090424,0.46595292287414414
2,13,0.01245039881090424,2,22,12.0,2,5.0930019574986085,False,0.01245039881090424,0.36457168476289664
2,13,0.01245039881090424,3,22,10.0,1,3.0370803995711984,False,0.01245039881090424,0.3158095990507525
2,13,0.01245039881090424,4,22,11.0,1,0.9714673913836771,False,0.01245039881090424,0.6808166020122495
2,13,0.01245039881090424,CV-agg,111,11.0,7,3.0370803995711984,False,,0.42486409642673595
2,14,0.012589354642106768,0,23,13.0,1,1.860469177073884,False,0.012589354642106768,0.30272160486811955
2,14,0.012589354642106768,1,22,9.0,2,4.615045318322999,False,0.012589354642106768,0.46595292287414414
2,14,0.012589354642106768,2,22,12.0,2,5.0930019574986085,False,0.012589354642106768,0.36457168476289664
2,14,0.012589354642106768,3,22,10.0,1,3.0370803995711984,False,0.012589354642106768,0.3158095990507525
2,14,0.012589354642106768,4,22,11.0,1,0.9714673913836771,False,0.012589354642106768,0.6808166020122495
2,14,0.012589354642106768,CV-agg,111,11.0,7,3.0370803995711984,False,,0.42486409642673595
2,15,0.020501396280307616,0,23,10.0,1,1.860469177073884,False,0.020501396280307616,0.27692112369461414
2,15,0.020501396280307616,1,22,9.0,2,4.615045318322999,False,0.020501396280307616,0.47304401622871867
2,15,0.020501396280307616,2,22,11.0,2,5.0930019574986085,False,0.020501396280307616,0.40231398158260895
2,15,0.020501396280307616,3,22,8.0,0,0.0,False,0.020501396280307616,0.364181377905917
2,15,0.020501396280307616,4,22,10.0,1,0.9714673913836771,False,0.020501396280307616,0.7218203539536984
2,15,0.020501396280307616,CV-agg,111,9.6,6,1.860469177073884,False,,0.4461180170967286
2,16,0.025350554793552395,0,23,9.0,1,2.302045566029605,False,0.025350554793552395,0.3091700642203932
2,16,0.025350554793552395,1,22,8.0,2,4.615045318322999,False,0.025350554793552395,0.4869585686008262
2,16,0.025350554793552395,2,22,11.0,2,5.0930019574986085,False,0.025350554793552395,0.40231398158260895
2,16,0.025350554793552395,3,22,7.0,1,1.8878015926761214,False,0.025350554793552395,0.40807129557459165
2,16,0.025350554793552395,4,22,9.0,1,1.2637939384503887,False,0.025350554793552395,0.7619154354018062
2,16,0.025350554793552395,CV-agg,111,8.8,7,2.302045566029605,False,,0.4722037447079763
2,17,0.02715810815843226,0,23,7.0,4,4.368059074386277,False,0.02715810815843226,0.3943265914954728
2,17,0.02715810815843226,1,22,8.0,2,4.615045318322999,False,0.02715810815843226,0.5082760805863136
2,17,0.02715810815843226,2,22,8.0,1,8.82725985625114,False,0.02715810815843226,0.4223624421581333
2,17,0.02715810815843226,3,22,7.0,1,1.8878015926761214,False,0.02715810815843226,0.40807129557459165
2,17,0.02715810815843226,4,22,9.0,1,1.2637939384503887,False,0.02715810815843226,0.7619154354018062
2,17,0.02715810815843226,CV-agg,111,7.8,9,4.368059074386277,False,,0.4980474521284186
2,18,0.036604287418260675,0,23,7.0,4,4.368059074386277,False,0.036604287418260675,0.3943265914954728
2,18,0.036604287418260675,1,22,6.0,3,3.3150695939148327,False,0.036604287418260675,0.5240990034545829
2,18,0.036604287418260675,2,22,7.0,1,8.82725985625114,False,0.036604287418260675,0.4447015942773939
2,18,0.036604287418260675,3,22,6.0,1,2.150567262801796,False,0.036604287418260675,0.4383515434789871
2,18,0.036604287418260675,4,22,8.0,2,1.5124324254395878,False,0.036604287418260675,0.7711900967832007
2,18,0.036604287418260675,CV-agg,111,6.8,11,3.3150695939148327,False,,0.5134508183807882
2,19,0.03945889666312164,0,23,7.0,4,4.368059074386277,False,0.03945889666312164,0.3943265914954728
2,19,0.03945889666312164,1,22,6.0,3,3.3150695939148327,False,0.03945889666312164,0.5240990034545829
2,19,0.03945889666312164,2,22,7.0,1,8.82725985625114,False,0.03945889666312164,0.4447015942773939
2,19,0.03945889666312164,3,22,6.0,1,2.150567262801796,False,0.03945889666312164,0.4383515434789871
2,19,0.03945889666312164,4,22,8.0,2,1.5124324254395878,False,0.03945889666312164,0.7711900967832007
2,19,0.03945889666312164,CV-agg,111,6.8,11,3.3150695939148327,False,,0.5134508183807882
2,20,0.042401440965059496,0,23,7.0,4,4.368059074386277,False,0.042401440965059496,0.3943265914954728
2,20,0.042401440965059496,1,22,6.0,3,3.3150695939148327,False,0.042401440965059496,0.5240990034545829
2,20,0.042401440965059496,2,22,6.0,2,6.3203764098232975,False,0.042401440965059496,0.44153400363543616
2,20,0.042401440965059496,3,22,6.0,1,2.150567262801796,False,0.042401440965059496,0.4383515434789871
2,20,0.042401440965059496,4,22,7.0,2,1.6728460981969266,False,0.042401440965059496,0.795503841911226
2,20,0.042401440965059496,CV-agg,111,6.4,12,3.3150695939148327,False,,0.5176419480987476
2,21,0.08898070494176208,0,23,7.0,4,4.368059074386277,False,0.08898070494176208,0.40679441671268224
2,21,0.08898070494176208,1,22,5.0,4,4.02177637210258,False,0.08898070494176208,0.8220770538680604
2,21,0.08898070494176208,2,22,6.0,2,6.3203764098232975,False,0.08898070494176208,0.44153400363543616
2,21,0.08898070494176208,3,22,6.0,1,2.150567262801796,False,0.08898070494176208,0.4383515434789871
2,21,0.08898070494176208,4,22,7.0,2,1.6728460981969266,False,0.08898070494176208,0.8041711945866286
2,21,0.08898070494176208,CV-agg,111,6.2,13,4.02177637210258,False,,0.5810019377199294
2,22,0.09813270153280636,0,23,7.0,4,4.368059074386277,False,0.09813270153280636,0.40679441671268224
2,22,0.09813270153280636,1,22,5.0,4,4.02177637210258,False,0.09813270153280636,0.8220770538680604
2,22,0.09813270153280636,2,22,6.0,2,6.3203764098232975,False,0.09813270153280636,0.44153400363543616
2,22,0.09813270153280636,3,22,6.0,1,2.150567262801796,False,0.09813270153280636,0.4383515434789871
2,22,0.09813270153280636,4,22,7.0,2,1.6728460981969266,False,0.09813270153280636,0.8041711945866286
2,22,0.09813270153280636,CV-agg,111,6.2,13,4.02177637210258,False,,0.5810019377199294
2,23,0.13885063626760824,0,23,7.0,4,4.368059074386277,False,0.13885063626760824,0.40679441671268224
2,23,0.13885063626760824,1,22,5.0,4,4.02177637210258,False,0.13885063626760824,0.8220770538680604
2,23,0.13885063626760824,2,22,5.0,2,6.3203764098232975,False,0.13885063626760824,0.6355753196517497
2,23,0.13885063626760824,3,22,5.0,1,2.150567262801796,False,0.13885063626760824,0.5953814290985242
2,23,0.13885063626760824,4,22,5.0,3,1.4222958245326,False,0.13885063626760824,0.8275353102237534
2,23,0.13885063626760824,CV-agg,111,5.4,14,4.02177637210258,False,,0.6552143429452038
2,24,0.1687554702257067,0,23,6.0,4,4.031789498158282,False,0.1687554702257067,0.5301720899320996
2,24,0.1687554702257067,1,22,3.0,2,3.2977318046140667,False,0.1687554702257067,1.2876273077794862
2,24,0.1687554702257067,2,22,4.0,1,4.011014210087402,False,0.1687554702257067,0.8739280818389393
2,24,0.1687554702257067,3,22,5.0,1,2.150567262801796,False,0.1687554702257067,0.5953814290985242
2,24,0.1687554702257067,4,22,4.0,3,1.46756907583915,False,0.1687554702257067,0.8981181822988951
2,24,0.1687554702257067,CV-agg,111,4.4,11,3.2977318046140667,False,,0.8342807936106926
2,25,0.42534399907543685,0,23,3.0,2,1.5016302088582882,False,0.42534399907543685,1.2259048148656115
2,25,0.42534399907543685,1,22,3.0,2,3.2977318046140667,False,0.42534399907543685,1.2876273077794862
2,25,0.42534399907543685,2,22,2.0,1,1.1154534978831683,False,0.42534399907543685,2.6841725892637793
2,25,0.42534399907543685,3,22,3.0,2,1.3732102749880124,False,0.42534399907543685,1.2539741287871142
2,25,0.42534399907543685,4,22,2.0,1,2.3940520800062273,False,0.42534399907543685,1.4667970406104012
2,25,0.42534399907543685,CV-agg,111,2.6,8,1.5016302088582882,False,,1.5804718396721282
2,26,2.349673948884258,0,23,1.0,0,,True,2.349673948884258,4.585573658483137
2,26,2.349673948884258,1,22,2.0,1,3.7752881782714365,False,2.349673948884258,1.6040891541413935
2,26,2.349673948884258,2,22,2.0,1,1.1154534978831683,False,2.349673948884258,2.6841725892637793
2,26,2.349673948884258,3,22,1.0,0,,True,2.349673948884258,4.772859985673031
2,26,2.349673948884258,4,22,1.0,0,,True,2.349673948884258,4.21409536254197
2,26,2.349673948884258,CV-agg,111,2.0,2,2.4453708380773023,True,,3.5812880194662697
3,0,0.0,0,23,13.0,0,0.0,False,0.0,1.1117001403071718
3,0,0.0,1,22,13.0,0,0.0,False,0.0,0.37634054574885845
3,0,0.0,2,22,11.0,2,16.8080463242481,False,0.0,0.35995223314016145
3,0,0.0,3,22,14.0,0,0.0,False,0.0,1.2415027442808406
3,0,0.0,4,22,12.0,0,0.0,False,0.0,0.7632015697104879
3,0,0.0,CV-agg,111,12.6,2,0.0,False,,0.7736129664002939
3,1,0.00047958031567315717,0,23,13.0,0,0.0,False,0.00047958031567315717,1.1117001403071718
3,1,0.00047958031567315717,1,22,13.0,0,0.0,False,0.00047958031567315717,0.37634054574885845
3,1,0.00047958031567315717,2,22,11.0,2,16.8080463242481,False,0.00047958031567315717,0.3601862543331451
3,1,0.00047958031567315717,3,22,14.0,0,0.0,False,0.00047958031567315717,1.2418871294293257
3,1,0.00047958031567315717,4,22,12.0,0,0.0,False,0.00047958031567315717,0.7632015697104879
3,1,0.00047958031567315717,CV-agg,111,12.6,2,0.0,False,,0.7737355334229272
3,2,0.00047958031567317365,0,23,13.0,0,0.0,False,0.00047958031567317365,1.1117001403071718
3,2,0.00047958031567317365,1,22,13.0,0,0.0,False,0.00047958031567317365,0.37634054574885845
3,2,0.00047958031567317365,2,22,11.0,2,16.8080463242481,False,0.00047958031567317365,0.3601862543331451
3,2,0.00047958031567317365,3,22,14.0,0,0.0,False,0.00047958031567317365,1.2418871294293257
3,2,0.00047958031567317365,4,22,12.0,0,0.0,False,0.00047958031567317365,0.7632015697104879
3,2,0.00047958031567317365,CV-agg,111,12.6,2,0.0,False,,0.7737355334229272
3,3,0.0008277924797242989,0,23,13.0,0,0.0,False,0.0008277924797242989,1.1117001403071718
3,3,0.0008277924797242989,1,22,13.0,0,0.0,False,0.0008277924797242989,0.37634054574885845
3,3,0.0008277924797242989,2,22,11.0,2,16.8080463242481,False,0.0008277924797242989,0.3601862543331451
3,3,0.0008277924797242989,3,22,14.0,0,0.0,False,0.0008277924797242989,1.2418871294293257
3,3,0.0008277924797242989,4,22,12.0,0,0.0,False,0.0008277924797242989,0.7632015697104879
3,3,0.0008277924797242989,CV-agg,111,12.6,2,0.0,False,,0.7737355334229272
3,4,0.000858926841706552,0,23,13.0,0,0.0,False,0.000858926841706552,1.1117001403071718
3,4,0.000858926841706552,1,22,13.0,0,0.0,False,0.000858926841706552,0.37634054574885845
3,4,0.000858926841706552,2,22,11.0,2,16.8080463242481,False,0.000858926841706552,0.3601862543331451
3,4,0.000858926841706552,3,22,14.0,0,0.0,False,0.000858926841706552,1.2418871294293257
3,4,0.000858926841706552,4,22,12.0,0,0.0,False,0.000858926841706552,0.7632015697104879
3,4,0.000858926841706552,CV-agg,111,12.6,2,0.0,False,,0.7737355334229272
3,5,0.007524526016997861,0,23,12.0,0,0.0,False,0.007524526016997861,1.1193789887342076
3,5,0.007524526016997861,1,22,12.0,0,0.0,False,0.007524526016997861,0.3784961031232397
3,5,0.007524526016997861,2,22,9.0,3,9.466522038797432,False,0.007524526016997861,0.3403472622703569
3,5,0.007524526016997861,3,22,12.0,0,0.0,False,0.007524526016997861,1.288154978871455
3,5,0.007524526016997861,4,22,12.0,0,0.0,False,0.007524526016997861,0.7791618826447675
3,5,0.007524526016997861,CV-agg,111,11.4,3,0.0,False,,0.7841553309270521
3,6,0.008159758024050771,0,23,12.0,0,0.0,False,0.008159758024050771,1.1193789887342076
3,6,0.008159758024050771,1,22,11.0,0,0.0,False,0.008159758024050771,0.3884379657692183
3,6,0.008159758024050771,2,22,9.0,3,9.466522038797432,False,0.008159758024050771,0.3403472622703569
3,6,0.008159758024050771,3,22,12.0,0,0.0,False,0.008159758024050771,1.288154978871455
3,6,0.008159758024050771,4,22,12.0,0,0.0,False,0.008159758024050771,0.7865866298713626
3,6,0.008159758024050771,CV-agg,111,11.2,3,0.0,False,,0.7875973617126074
3,7,0.008159758024050803,0,23,12.0,0,0.0,False,0.008159758024050803,1.1193789887342076
3,7,0.008159758024050803,1,22,11.0,0,0.0,False,0.008159758024050803,0.3884379657692183
3,7,0.008159758024050803,2,22,9.0,3,9.466522038797432,False,0.008159758024050803,0.3403472622703569
3,7,0.008159758024050803,3,22,12.0,0,0.0,False,0.008159758024050803,1.288154978871455
3,7,0.008159758024050803,4,22,12.0,0,0.0,False,0.008159758024050803,0.7865866298713626
3,7,0.008159758024050803,CV-agg,111,11.2,3,0.0,False,,0.7875973617126074
3,8,0.008159758024050804,0,23,12.0,0,0.0,False,0.008159758024050804,1.1193789887342076
3,8,0.008159758024050804,1,22,11.0,0,0.0,False,0.008159758024050804,0.3884379657692183
3,8,0.008159758024050804,2,22,9.0,3,9.466522038797432,False,0.008159758024050804,0.3403472622703569
3,8,0.008159758024050804,3,22,12.0,0,0.0,False,0.008159758024050804,1.288154978871455
3,8,0.008159758024050804,4,22,12.0,0,0.0,False,0.008159758024050804,0.7865866298713626
3,8,0.008159758024050804,CV-agg,111,11.2,3,0.0,False,,0.7875973617126074
3,9,0.008483686648344271,0,23,12.0,0,0.0,False,0.008483686648344271,1.1193789887342076
3,9,0.008483686648344271,1,22,11.0,0,0.0,False,0.008483686648344271,0.3884379657692183
3,9,0.008483686648344271,2,22,9.0,3,9.466522038797432,False,0.008483686648344271,0.3403472622703569
3,9,0.008483686648344271,3,22,12.0,0,0.0,False,0.008483686648344271,1.288154978871455
3,9,0.008483686648344271,4,22,12.0,0,0.0,False,0.008483686648344271,0.7955068523835679
3,9,0.008483686648344271,CV-agg,111,11.2,3,0.0,False,,0.7893653337420534
3,10,0.010153048468028064,0,23,12.0,0,0.0,False,0.010153048468028064,1.1193789887342076
3,10,0.010153048468028064,1,22,9.0,0,0.0,False,0.010153048468028064,0.32841675652848795
3,10,0.010153048468028064,2,22,9.0,3,9.466522038797432,False,0.010153048468028064,0.3379388497032322
3,10,0.010153048468028064,3,22,12.0,0,0.0,False,0.010153048468028064,1.2956658527173106
3,10,0.010153048468028064,4,22,11.0,0,0.0,False,0.010153048468028064,0.8113302560953314
3,10,0.010153048468028064,CV-agg,111,10.6,3,0.0,False,,0.7816167069537183
3,11,0.010185249209674126,0,23,12.0,0,0.0,False,0.010185249209674126,1.1193789887342076
3,11,0.010185249209674126,1,22,9.0,0,0.0,False,0.010185249209674126,0.32841675652848795
3,11,0.010185249209674126,2,22,9.0,3,9.466522038797432,False,0.010185249209674126,0.3379388497032322
3,11,0.010185249209674126,3,22,12.0,0,0.0,False,0.010185249209674126,1.2956658527173106
3,11,0.010185249209674126,4,22,11.0,0,0.0,False,0.010185249209674126,0.8113302560953314
3,11,0.010185249209674126,CV-agg,111,10.6,3,0.0,False,,0.7816167069537183
3,12,0.01221181679821274,0,23,12.0,0,0.0,False,0.01221181679821274,1.12035620973173
3,12,0.01221181679821274,1,22,8.0,0,0.0,False,0.01221181679821274,0.34659490324208864
3,12,0.01221181679821274,2,22,9.0,3,9.466522038797432,False,0.01221181679821274,0.3379388497032322
3,12,0.01221181679821274,3,22,12.0,0,0.0,False,0.01221181679821274,1.2956658527173106
3,12,0.01221181679821274,4,22,10.0,0,0.0,False,0.01221181679821274,0.8212990083060219
3,12,0.01221181679821274,CV-agg,111,10.2,3,0.0,False,,0.7873978588391005
3,13,0.01245039881090424,0,23,12.0,0,0.0,False,0.01245039881090424,1.12035620973173
3,13,0.01245039881090424,1,22,8.0,0,0.0,False,0.01245039881090424,0.34659490324208864
3,13,0.01245039881090424,2,22,9.0,3,9.466522038797432,False,0.01245039881090424,0.3379388497032322
3,13,0.01245039881090424,3,22,12.0,0,0.0,False,0.01245039881090424,1.2985724707853956
3,13,0.01245039881090424,4,22,10.0,0,0.0,False,0.01245039881090424,0.8212990083060219
3,13,0.01245039881090424,CV-agg,111,10.2,3,0.0,False,,0.7879739453030453
3,14,0.012589354642106768,0,23,12.0,0,0.0,False,0.012589354642106768,1.12035620973173
3,14,0.012589354642106768,1,22,8.0,0,0.0,False,0.012589354642106768,0.34659490324208864
3,14,0.012589354642106768,2,22,9.0,3,9.466522038797432,False,0.012589354642106768,0.3379388497032322
3,14,0.012589354642106768,3,22,12.0,0,0.0,False,0.012589354642106768,1.2985724707853956
3,14,0.012589354642106768,4,22,10.0,0,0.0,False,0.012589354642106768,0.8212990083060219
3,14,0.012589354642106768,CV-agg,111,10.2,3,0.0,False,,0.7879739453030453
3,15,0.020501396280307616,0,23,8.0,5,1.5520903353788862,False,0.020501396280307616,1.2591289047327305
3,15,0.020501396280307616,1,22,8.0,0,0.0,False,0.020501396280307616,0.2792521053243411
3,15,0.020501396280307616,2,22,9.0,3,9.466522038797432,False,0.020501396280307616,0.34430784157607197
3,15,0.020501396280307616,3,22,9.0,1,0.0,False,0.020501396280307616,1.2080510134848494
3,15,0.020501396280307616,4,22,10.0,0,0.0,False,0.020501396280307616,0.8212990083060219
3,15,0.020501396280307616,CV-agg,111,8.8,9,0.0,False,,0.7867025596401896
3,16,0.025350554793552395,0,23,8.0,5,1.5520903353788862,False,0.025350554793552395,1.2591289047327305
3,16,0.025350554793552395,1,22,8.0,0,0.0,False,0.025350554793552395,0.2978490925316406
3,16,0.025350554793552395,2,22,7.0,4,5.95371197043241,False,0.025350554793552395,0.455911707439368
3,16,0.025350554793552395,3,22,8.0,1,0.0,False,0.025350554793552395,1.3133217548213674
3,16,0.025350554793552395,4,22,9.0,1,2.1361109447601225,False,0.025350554793552395,0.8629123921432229
3,16,0.025350554793552395,CV-agg,111,8.0,11,1.5520903353788862,False,,0.8416203030759999
3,17,0.02715810815843226,0,23,7.0,4,1.936202456983305,False,0.02715810815843226,1.2814837531876337
3,17,0.02715810815843226,1,22,8.0,0,0.0,False,0.02715810815843226,0.2978490925316406
3,17,0.02715810815843226,2,22,7.0,4,5.95371197043241,False,0.02715810815843226,0.455911707439368
3,17,0.02715810815843226,3,22,7.0,1,0.0,False,0.02715810815843226,1.342897547917947
3,17,0.02715810815843226,4,22,9.0,1,2.1361109447601225,False,0.02715810815843226,0.8629123921432229
3,17,0.02715810815843226,CV-agg,111,7.6,10,1.936202456983305,False,,0.8521142576939055
3,18,0.036604287418260675,0,23,5.0,3,1.8788918249257962,False,0.036604287418260675,1.308011327282479
3,18,0.036604287418260675,1,22,7.0,1,2.7359197996778986,False,0.036604287418260675,0.32506186454369007
3,18,0.036604287418260675,2,22,7.0,4,5.95371197043241,False,0.036604287418260675,0.45292020725582877
3,18,0.036604287418260675,3,22,5.0,2,2.723196952979835,False,0.036604287418260675,1.388709769397076
3,18,0.036604287418260675,4,22,8.0,1,2.1361109447601225,False,0.036604287418260675,0.8884853194170268
3,18,0.036604287418260675,CV-agg,111,6.4,11,2.723196952979835,False,,0.8765599825315017
3,19,0.03945889666312164,0,23,5.0,3,1.8788918249257962,False,0.03945889666312164,1.308011327282479
3,19,0.03945889666312164,1,22,7.0,1,2.7359197996778986,False,0.03945889666312164,0.32506186454369007
3,19,0.03945889666312164,2,22,7.0,4,5.95371197043241,False,0.03945889666312164,0.45292020725582877
3,19,0.03945889666312164,3,22,5.0,2,2.723196952979835,False,0.03945889666312164,1.388709769397076
3,19,0.03945889666312164,4,22,7.0,2,2.222157279961304,False,0.03945889666312164,0.8903809023506605
3,19,0.03945889666312164,CV-agg,111,6.2,12,2.723196952979835,False,,0.8769356836534832
3,20,0.042401440965059496,0,23,5.0,3,1.8788918249257962,False,0.042401440965059496,1.308011327282479
3,20,0.042401440965059496,1,22,7.0,1,2.7359197996778986,False,0.042401440965059496,0.3268555983585249
3,20,0.042401440965059496,2,22,7.0,4,5.95371197043241,False,0.042401440965059496,0.45292020725582877
3,20,0.042401440965059496,3,22,5.0,2,2.723196952979835,False,0.042401440965059496,1.388709769397076
3,20,0.042401440965059496,4,22,7.0,2,2.222157279961304,False,0.042401440965059496,0.8903809023506605
3,20,0.042401440965059496,CV-agg,111,6.2,12,2.723196952979835,False,,0.8772911984636307
3,21,0.08898070494176208,0,23,5.0,3,1.8788918249257962,False,0.08898070494176208,1.308011327282479
3,21,0.08898070494176208,1,22,6.0,2,7.2923739290437055,False,0.08898070494176208,0.41469204163338313
3,21,0.08898070494176208,2,22,7.0,4,5.95371197043241,False,0.08898070494176208,0.4500127491196817
3,21,0.08898070494176208,3,22,5.0,2,2.723196952979835,False,0.08898070494176208,1.388709769397076
3,21,0.08898070494176208,4,22,7.0,2,2.222157279961304,False,0.08898070494176208,0.8934446074269285
3,21,0.08898070494176208,CV-agg,111,6.0,13,2.723196952979835,False,,0.8947311911188516
3,22,0.09813270153280636,0,23,5.0,3,1.8788918249257962,False,0.09813270153280636,1.308011327282479
3,22,0.09813270153280636,1,22,6.0,2,7.2923739290437055,False,0.09813270153280636,0.41469204163338313
3,22,0.09813270153280636,2,22,7.0,4,5.95371197043241,False,0.09813270153280636,0.4500127491196817
3,22,0.09813270153280636,3,22,5.0,2,2.723196952979835,False,0.09813270153280636,1.388709769397076
3,22,0.09813270153280636,4,22,7.0,2,2.222157279961304,False,0.09813270153280636,0.8934446074269285
3,22,0.09813270153280636,CV-agg,111,6.0,13,2.723196952979835,False,,0.8947311911188516
3,23,0.13885063626760824,0,23,5.0,3,1.8788918249257962,False,0.13885063626760824,1.308011327282479
3,23,0.13885063626760824,1,22,5.0,2,7.2923739290437055,False,0.13885063626760824,0.5721230413213912
3,23,0.13885063626760824,2,22,6.0,4,4.7320710082580675,False,0.13885063626760824,0.595611042564096
3,23,0.13885063626760824,3,22,4.0,3,2.187769344980891,False,0.13885063626760824,1.561110360604635
3,23,0.13885063626760824,4,22,5.0,4,4.9318638821338405,False,0.13885063626760824,0.48381972131090034
3,23,0.13885063626760824,CV-agg,111,5.0,16,4.7320710082580675,False,,0.907773623199275
3,24,0.1687554702257067,0,23,4.0,3,1.9707300533164032,False,0.1687554702257067,1.409313029280659
3,24,0.1687554702257067,1,22,4.0,1,6.794090118704695,False,0.1687554702257067,0.7158244688900102
3,24,0.1687554702257067,2,22,6.0,4,4.7320710082580675,False,0.1687554702257067,0.595611042564096
3,24,0.1687554702257067,3,22,3.0,2,1.0850357737515173,False,0.1687554702257067,1.8137022703012413
3,24,0.1687554702257067,4,22,4.0,3,5.099256370416177,False,0.1687554702257067,0.5997798561216937
3,24,0.1687554702257067,CV-agg,111,4.2,13,4.7320710082580675,False,,1.0302917811418923
3,25,0.42534399907543685,0,23,2.0,1,1.5966293887902945,False,0.42534399907543685,2.027202045643275
3,25,0.42534399907543685,1,22,3.0,2,4.4275223704901085,False,0.42534399907543685,0.7846045626201378
3,25,0.42534399907543685,2,22,3.0,2,1.0728215443358542,False,0.42534399907543685,1.626922712078822
3,25,0.42534399907543685,3,22,3.0,2,1.0850357737515173,False,0.42534399907543685,1.8137022703012413
3,25,0.42534399907543685,4,22,2.0,1,5.146637150133658,False,0.42534399907543685,1.2646224805980069
3,25,0.42534399907543685,CV-agg,111,2.6,8,1.5966293887902945,False,,1.508129654170774
3,26,2.349673948884258,0,23,2.0,1,1.5966293887902945,False,2.349673948884258,2.027202045643275
3,26,2.349673948884258,1,22,1.0,0,,True,2.349673948884258,3.537156808313414
3,26,2.349673948884258,2,22,1.0,0,,True,2.349673948884258,4.327887248578526
3,26,2.349673948884258,3,22,1.0,0,,True,2.349673948884258,4.940069595587632
3,26,2.349673948884258,4,22,1.0,0,,True,2.349673948884258,4.33878853443563
3,26,2.349673948884258,CV-agg,111,2.0,1,1.5966293887902945,True,,3.8179413978552232
4,0,0.0,0,23,16.0,0,0.0,False,0.0,1.39885016117736
4,0,0.0,1,22,8.0,1,1.8417728745727733,False,0.0,0.28753503232173877
4,0,0.0,2,22,13.0,0,0.0,False,0.0,0.2798923801007915
4,0,0.0,3,22,14.0,0,0.0,False,0.0,0.3846618960051188
4,0,0.0,4,22,14.0,0,0.0,False,0.0,1.7700105899751137
4,0,0.0,CV-agg,111,13.0,1,0.0,False,,0.8293671303778384
4,1,0.00047958031567315717,0,23,16.0,0,0.0,False,0.00047958031567315717,1.3993297571073378
4,1,0.00047958031567315717,1,22,8.0,1,1.8417728745727733,False,0.00047958031567315717,0.28753503232173877
4,1,0.00047958031567315717,2,22,13.0,0,0.0,False,0.00047958031567315717,0.2798923801007915
4,1,0.00047958031567315717,3,22,14.0,0,0.0,False,0.00047958031567315717,0.3846618960051188
4,1,0.00047958031567315717,4,22,14.0,0,0.0,False,0.00047958031567315717,1.7704786323610806
4,1,0.00047958031567315717,CV-agg,111,13.0,1,0.0,False,,0.829559271268656
4,2,0.00047958031567317365,0,23,16.0,0,0.0,False,0.00047958031567317365,1.3993297571073378
4,2,0.00047958031567317365,1,22,8.0,1,1.8417728745727733,False,0.00047958031567317365,0.28753503232173877
4,2,0.00047958031567317365,2,22,13.0,0,0.0,False,0.00047958031567317365,0.2798923801007915
4,2,0.00047958031567317365,3,22,14.0,0,0.0,False,0.00047958031567317365,0.3846618960051188
4,2,0.00047958031567317365,4,22,14.0,0,0.0,False,0.00047958031567317365,1.7704786323610806
4,2,0.00047958031567317365,CV-agg,111,13.0,1,0.0,False,,0.829559271268656
4,3,0.0008277924797242989,0,23,16.0,0,0.0,False,0.0008277924797242989,1.3993297571073378
4,3,0.0008277924797242989,1,22,8.0,1,1.8417728745727733,False,0.0008277924797242989,0.28753503232173877
4,3,0.0008277924797242989,2,22,13.0,0,0.0,False,0.0008277924797242989,0.2798923801007915
4,3,0.0008277924797242989,3,22,14.0,0,0.0,False,0.0008277924797242989,0.3846618960051188
4,3,0.0008277924797242989,4,22,14.0,0,0.0,False,0.0008277924797242989,1.7704786323610806
4,3,0.0008277924797242989,CV-agg,111,13.0,1,0.0,False,,0.829559271268656
4,4,0.000858926841706552,0,23,16.0,0,0.0,False,0.000858926841706552,1.3993297571073378
4,4,0.000858926841706552,1,22,8.0,1,1.8417728745727733,False,0.000858926841706552,0.28753503232173877
4,4,0.000858926841706552,2,22,13.0,0,0.0,False,0.000858926841706552,0.2798923801007915
4,4,0.000858926841706552,3,22,14.0,0,0.0,False,0.000858926841706552,0.3846618960051188
4,4,0.000858926841706552,4,22,14.0,0,0.0,False,0.000858926841706552,1.7704786323610806
4,4,0.000858926841706552,CV-agg,111,13.0,1,0.0,False,,0.829559271268656
4,5,0.007524526016997861,0,23,13.0,0,0.0,False,0.007524526016997861,1.4133631728233074
4,5,0.007524526016997861,1,22,8.0,1,1.8417728745727733,False,0.007524526016997861,0.30397741679629886
4,5,0.007524526016997861,2,22,11.0,0,0.0,False,0.007524526016997861,0.28777636562269254
4,5,0.007524526016997861,3,22,12.0,1,21.969840147139678,False,0.007524526016997861,0.34750924642507147
4,5,0.007524526016997861,4,22,13.0,0,0.0,False,0.007524526016997861,1.761617222176028
4,5,0.007524526016997861,CV-agg,111,11.4,2,0.0,False,,0.8281686351115142
4,6,0.008159758024050771,0,23,13.0,0,0.0,False,0.008159758024050771,1.4133631728233074
4,6,0.008159758024050771,1,22,8.0,1,1.8417728745727733,False,0.008159758024050771,0.30397741679629886
4,6,0.008159758024050771,2,22,10.0,0,0.0,False,0.008159758024050771,0.3025915694009791
4,6,0.008159758024050771,3,22,10.0,2,6.334462714891601,False,0.008159758024050771,0.3851163901920918
4,6,0.008159758024050771,4,22,13.0,0,0.0,False,0.008159758024050771,1.761617222176028
4,6,0.008159758024050771,CV-agg,111,10.8,3,0.0,False,,0.8385586499403137
4,7,0.008159758024050803,0,23,13.0,0,0.0,False,0.008159758024050803,1.4133631728233074
4,7,0.008159758024050803,1,22,8.0,1,1.8417728745727733,False,0.008159758024050803,0.30397741679629886
4,7,0.008159758024050803,2,22,10.0,0,0.0,False,0.008159758024050803,0.3025915694009791
4,7,0.008159758024050803,3,22,10.0,2,6.334462714891601,False,0.008159758024050803,0.3851163901920918
4,7,0.008159758024050803,4,22,13.0,0,0.0,False,0.008159758024050803,1.761617222176028
4,7,0.008159758024050803,CV-agg,111,10.8,3,0.0,False,,0.8385586499403137
4,8,0.008159758024050804,0,23,13.0,0,0.0,False,0.008159758024050804,1.4133631728233074
4,8,0.008159758024050804,1,22,8.0,1,1.8417728745727733,False,0.008159758024050804,0.30397741679629886
4,8,0.008159758024050804,2,22,10.0,0,0.0,False,0.008159758024050804,0.3025915694009791
4,8,0.008159758024050804,3,22,10.0,2,6.334462714891601,False,0.008159758024050804,0.3851163901920918
4,8,0.008159758024050804,4,22,13.0,0,0.0,False,0.008159758024050804,1.761617222176028
4,8,0.008159758024050804,CV-agg,111,10.8,3,0.0,False,,0.8385586499403137
4,9,0.008483686648344271,0,23,13.0,0,0.0,False,0.008483686648344271,1.4133631728233074
4,9,0.008483686648344271,1,22,8.0,1,1.8417728745727733,False,0.008483686648344271,0.30397741679629886
4,9,0.008483686648344271,2,22,10.0,0,0.0,False,0.008483686648344271,0.3025915694009791
4,9,0.008483686648344271,3,22,10.0,2,6.334462714891601,False,0.008483686648344271,0.3851163901920918
4,9,0.008483686648344271,4,22,13.0,0,0.0,False,0.008483686648344271,1.761617222176028
4,9,0.008483686648344271,CV-agg,111,10.8,3,0.0,False,,0.8385586499403137
4,10,0.010153048468028064,0,23,12.0,0,0.0,False,0.010153048468028064,1.4194660493348485
4,10,0.010153048468028064,1,22,8.0,1,1.8417728745727733,False,0.010153048468028064,0.30397741679629886
4,10,0.010153048468028064,2,22,10.0,0,0.0,False,0.010153048468028064,0.3025915694009791
4,10,0.010153048468028064,3,22,10.0,2,6.334462714891601,False,0.010153048468028064,0.3851163901920918
4,10,0.010153048468028064,4,22,12.0,0,0.0,False,0.010153048468028064,1.717822681346899
4,10,0.010153048468028064,CV-agg,111,10.4,3,0.0,False,,0.8311432108549499
4,11,0.010185249209674126,0,23,12.0,0,0.0,False,0.010185249209674126,1.4194660493348485
4,11,0.010185249209674126,1,22,8.0,1,1.8417728745727733,False,0.010185249209674126,0.30397741679629886
4,11,0.010185249209674126,2,22,10.0,0,0.0,False,0.010185249209674126,0.3025915694009791
4,11,0.010185249209674126,3,22,10.0,2,6.334462714891601,False,0.010185249209674126,0.3851163901920918
4,11,0.010185249209674126,4,22,12.0,0,0.0,False,0.010185249209674126,1.717822681346899
4,11,0.010185249209674126,CV-agg,111,10.4,3,0.0,False,,0.8311432108549499
4,12,0.01221181679821274,0,23,12.0,0,0.0,False,0.01221181679821274,1.4194660493348485
4,12,0.01221181679821274,1,22,7.0,1,1.8417728745727733,False,0.01221181679821274,0.35704066173910465
4,12,0.01221181679821274,2,22,9.0,0,0.0,False,0.01221181679821274,0.31790434996664485
4,12,0.01221181679821274,3,22,10.0,2,6.334462714891601,False,0.01221181679821274,0.3851163901920918
4,12,0.01221181679821274,4,22,11.0,0,0.0,False,0.01221181679821274,1.7349291957274
4,12,0.01221181679821274,CV-agg,111,9.8,3,0.0,False,,0.8480856962383497
4,13,0.01245039881090424,0,23,11.0,0,0.0,False,0.01245039881090424,1.4309570209425069
4,13,0.01245039881090424,1,22,7.0,1,1.8417728745727733,False,0.01245039881090424,0.35704066173910465
4,13,0.01245039881090424,2,22,9.0,0,0.0,False,0.01245039881090424,0.3208109680347297
4,13,0.01245039881090424,3,22,10.0,2,6.334462714891601,False,0.01245039881090424,0.3851163901920918
4,13,0.01245039881090424,4,22,11.0,0,0.0,False,0.01245039881090424,1.7349291957274
4,13,0.01245039881090424,CV-agg,111,9.6,3,0.0,False,,0.8510427948372148
4,14,0.012589354642106768,0,23,11.0,0,0.0,False,0.012589354642106768,1.4309570209425069
4,14,0.012589354642106768,1,22,7.0,1,1.8417728745727733,False,0.012589354642106768,0.35704066173910465
4,14,0.012589354642106768,2,22,9.0,0,0.0,False,0.012589354642106768,0.3208109680347297
4,14,0.012589354642106768,3,22,10.0,2,6.334462714891601,False,0.012589354642106768,0.3851163901920918
4,14,0.012589354642106768,4,22,11.0,0,0.0,False,0.012589354642106768,1.7349291957274
4,14,0.012589354642106768,CV-agg,111,9.6,3,0.0,False,,0.8510427948372148
4,15,0.020501396280307616,0,23,11.0,0,0.0,False,0.020501396280307616,1.4309570209425069
4,15,0.020501396280307616,1,22,7.0,1,1.8417728745727733,False,0.020501396280307616,0.3145706339000021
4,15,0.020501396280307616,2,22,9.0,0,0.0,False,0.020501396280307616,0.3208109680347297
4,15,0.020501396280307616,3,22,9.0,3,5.5069642188666625,False,0.020501396280307616,0.416885056924672
4,15,0.020501396280307616,4,22,11.0,0,0.0,False,0.020501396280307616,1.7349291957274
4,15,0.020501396280307616,CV-agg,111,9.4,4,0.0,False,,0.8489218043476338
4,16,0.025350554793552395,0,23,11.0,0,0.0,False,0.025350554793552395,1.4309570209425069
4,16,0.025350554793552395,1,22,6.0,0,0.0,False,0.025350554793552395,0.3898513212464985
4,16,0.025350554793552395,2,22,8.0,0,0.0,False,0.025350554793552395,0.32277683576534016
4,16,0.025350554793552395,3,22,8.0,2,6.304471208554087,False,0.025350554793552395,0.45724342043113747
4,16,0.025350554793552395,4,22,11.0,0,0.0,False,0.025350554793552395,1.7349291957274
4,16,0.025350554793552395,CV-agg,111,8.8,2,0.0,False,,0.8722308873101435
4,17,0.02715810815843226,0,23,11.0,0,0.0,False,0.02715810815843226,1.4309570209425069
4,17,0.02715810815843226,1,22,5.0,1,2.0394323435025057,False,0.02715810815843226,0.418103630621728
4,17,0.02715810815843226,2,22,8.0,0,0.0,False,0.02715810815843226,0.32277683576534016
4,17,0.02715810815843226,3,22,8.0,2,6.304471208554087,False,0.02715810815843226,0.45724342043113747
4,17,0.02715810815843226,4,22,10.0,0,0.0,False,0.02715810815843226,1.759577352835727
4,17,0.02715810815843226,CV-agg,111,8.4,3,0.0,False,,0.8827156644510287
4,18,0.036604287418260675,0,23,8.0,1,3.440524253294819,False,0.036604287418260675,1.3451999780038022
4,18,0.036604287418260675,1,22,5.0,1,2.0394323435025057,False,0.036604287418260675,0.418103630621728
4,18,0.036604287418260675,2,22,6.0,2,7.9969185220355135,False,0.036604287418260675,0.42173683509893006
4,18,0.036604287418260675,3,22,6.0,3,6.2091543226195425,False,0.036604287418260675,0.5518039258956464
4,18,0.036604287418260675,4,22,7.0,3,1.9280944131285318,False,0.036604287418260675,1.6822445747850774
4,18,0.036604287418260675,CV-agg,111,6.4,10,3.440524253294819,False,,0.88797438517944
4,19,0.03945889666312164,0,23,8.0,1,3.440524253294819,False,0.03945889666312164,1.3451999780038022
4,19,0.03945889666312164,1,22,5.0,1,2.0394323435025057,False,0.03945889666312164,0.418103630621728
4,19,0.03945889666312164,2,22,6.0,2,7.9969185220355135,False,0.03945889666312164,0.42786424525146616
4,19,0.03945889666312164,3,22,6.0,3,6.2091543226195425,False,0.03945889666312164,0.5518039258956464
4,19,0.03945889666312164,4,22,7.0,3,1.9280944131285318,False,0.03945889666312164,1.6822445747850774
4,19,0.03945889666312164,CV-agg,111,6.4,10,3.440524253294819,False,,0.8891888268312941
4,20,0.042401440965059496,0,23,7.0,2,2.736918664549777,False,0.042401440965059496,1.3526046853060019
4,20,0.042401440965059496,1,22,5.0,1,2.0394323435025057,False,0.042401440965059496,0.418103630621728
4,20,0.042401440965059496,2,22,6.0,2,7.9969185220355135,False,0.042401440965059496,0.42786424525146616
4,20,0.042401440965059496,3,22,6.0,3,6.2091543226195425,False,0.042401440965059496,0.5518039258956464
4,20,0.042401440965059496,4,22,7.0,3,1.9280944131285318,False,0.042401440965059496,1.6822445747850774
4,20,0.042401440965059496,CV-agg,111,6.2,11,2.736918664549777,False,,0.8907231355515697
4,21,0.08898070494176208,0,23,5.0,4,1.815201264086223,False,0.08898070494176208,0.9696558629221776
4,21,0.08898070494176208,1,22,5.0,1,2.0394323435025057,False,0.08898070494176208,0.418103630621728
4,21,0.08898070494176208,2,22,6.0,2,7.9969185220355135,False,0.08898070494176208,0.42786424525146616
4,21,0.08898070494176208,3,22,6.0,3,6.2091543226195425,False,0.08898070494176208,0.5518039258956464
4,21,0.08898070494176208,4,22,5.0,2,2.7389351932178814,False,0.08898070494176208,1.2379568922169535
4,21,0.08898070494176208,CV-agg,111,5.4,12,2.7389351932178814,False,,0.7233163613954734
4,22,0.09813270153280636,0,23,4.0,3,1.6354809975016518,False,0.09813270153280636,1.2591184716552646
4,22,0.09813270153280636,1,22,5.0,1,2.0394323435025057,False,0.09813270153280636,0.418103630621728
4,22,0.09813270153280636,2,22,6.0,2,7.9969185220355135,False,0.09813270153280636,0.42786424525146616
4,22,0.09813270153280636,3,22,6.0,3,6.2091543226195425,False,0.09813270153280636,0.5518039258956464
4,22,0.09813270153280636,4,22,5.0,2,2.7389351932178814,False,0.09813270153280636,1.2379568922169535
4,22,0.09813270153280636,CV-agg,111,5.2,11,2.7389351932178814,False,,0.783295100141969
4,23,0.13885063626760824,0,23,4.0,3,1.6354809975016518,False,0.13885063626760824,1.2591184716552646
4,23,0.13885063626760824,1,22,5.0,1,2.0394323435025057,False,0.13885063626760824,0.418103630621728
4,23,0.13885063626760824,2,22,6.0,2,7.9969185220355135,False,0.13885063626760824,0.42786424525146616
4,23,0.13885063626760824,3,22,6.0,3,6.2091543226195425,False,0.13885063626760824,0.5518039258956464
4,23,0.13885063626760824,4,22,5.0,2,2.7389351932178814,False,0.13885063626760824,1.2379568922169535
4,23,0.13885063626760824,CV-agg,111,5.2,11,2.7389351932178814,False,,0.783295100141969
4,24,0.1687554702257067,0,23,4.0,3,1.6354809975016518,False,0.1687554702257067,1.2591184716552646
4,24,0.1687554702257067,1,22,4.0,1,2.0394323435025057,False,0.1687554702257067,0.5702995954263698
4,24,0.1687554702257067,2,22,5.0,2,7.9969185220355135,False,0.1687554702257067,0.5651890390876337
4,24,0.1687554702257067,3,22,5.0,2,5.917316869863542,False,0.1687554702257067,0.58970431079428
4,24,0.1687554702257067,4,22,3.0,2,1.18116385932881,False,0.1687554702257067,1.5098175581907733
4,24,0.1687554702257067,CV-agg,111,4.2,10,2.0394323435025057,False,,0.9020716750004535
4,25,0.42534399907543685,0,23,2.0,1,2.2386740184490748,False,0.42534399907543685,1.9712760434103542
4,25,0.42534399907543685,1,22,3.0,0,0.0,False,0.42534399907543685,0.8220859664405846
4,25,0.42534399907543685,2,22,3.0,2,4.9715823271076545,False,0.42534399907543685,0.7655379178300818
4,25,0.42534399907543685,3,22,2.0,1,1.1289707755229437,False,0.42534399907543685,2.5627993904227244
4,25,0.42534399907543685,4,22,2.0,1,1.4288601205122922,False,0.42534399907543685,2.245347264140895
4,25,0.42534399907543685,CV-agg,111,2.4,5,1.4288601205122922,False,,1.6760928004756077
4,26,2.349673948884258,0,23,1.0,0,,True,2.349673948884258,4.72203132003186
4,26,2.349673948884258,1,22,1.0,0,,True,2.349673948884258,4.216504607391405
4,26,2.349673948884258,2,22,1.0,0,,True,2.349673948884258,3.671879743953768
4,26,2.349673948884258,3,22,2.0,1,1.1289707755229437,False,2.349673948884258,2.5627993904227244
4,26,2.349673948884258,4,22,2.0,1,1.4288601205122922,False,2.349673948884258,2.245347264140895
4,26,2.349673948884258,CV-agg,111,2.0,2,1.278915448017618,True,,3.4948684909074434
