nodes,total,in_o0,in_o1,in_o2,exec_o0,exec_o1,exec_o2,out_o0,out_o1,out_o2,critical_path,openmm_stor,aggregate_stor,training_stor,inference_stor,in_openmm,read_openmm,write_openmm,out_openmm,in_aggregate,read_aggregate,write_aggregate,out_aggregate,in_training,read_training,write_training,out_training,in_inference,read_inference,write_inference,out_inference,lam_read_beegfs,lam_write_beegfs,lam_read_ssd,lam_write_ssd,lam_read_tmpfs,lam_write_tmpfs,lam_in_total,lam_out_total,exec_beegfs_share,exec_local_share,movement_share,region_provisional,region
1,4.978731761431526,0.1954343015518247,0.0,0.0,0.0411028549313716,2.318467855314847,0.4303109022903254,1.882183256835498,0.0,0.1112325905076594,stage_in_openmm(6)->read_openmm(12)->write_openmm(12)->stage_out_openmm(24)->read_training(1)->write_training(1)->read_inference(1)->write_inference(1)->stage_out_inference(4),tmpfs,tmpfs,tmpfs,tmpfs,0.195434,0.020551,0.020551,1.882183,0.0,0.249123,0.027999,0.0,0.0,0.598188,1.72028,0.0,0.0,0.215155,0.215155,0.111233,0.0,0.0,0.0,0.0,0.833894,1.955986,0.195434,1.9934159999999999,0.0,0.5603595722130792,0.4396400739955117,2,2
4,4.994904654850962,0.1954343015518247,0.0,0.0,0.0572757483508076,2.318467855314847,0.4303109022903254,1.882183256835498,0.0,0.1112325905076594,stage_in_openmm(6)->read_openmm(3)->write_openmm(3)->stage_out_openmm(24)->read_training(1)->write_training(1)->read_inference(1)->write_inference(1)->stage_out_inference(4),tmpfs,tmpfs,tmpfs,tmpfs,0.195434,0.028638,0.028638,1.882183,0.0,0.249123,0.027999,0.0,0.0,0.598188,1.72028,0.0,0.0,0.215155,0.215155,0.111233,0.0,0.0,0.0,0.0,0.8419810000000001,1.964073,0.195434,1.9934159999999999,0.0,0.5617832959582619,0.43821657293774163,2,2
2,5.000053121096604,0.1954343015518247,0.0,0.0,0.06242421459645,2.318467855314847,0.4303109022903254,1.882183256835498,0.0,0.1112325905076594,stage_in_openmm(6)->read_openmm(6)->write_openmm(6)->stage_out_openmm(24)->read_training(1)->write_training(1)->read_inference(1)->write_inference(1)->stage_out_inference(4),tmpfs,tmpfs,tmpfs,tmpfs,0.195434,0.031212,0.031212,1.882183,0.0,0.249123,0.027999,0.0,0.0,0.598188,1.72028,0.0,0.0,0.215155,0.215155,0.111233,0.0,0.0,0.0,0.0,0.8445550000000001,1.966647,0.195434,1.9934159999999999,0.0,0.5622344266980286,0.43776534908483267,2,2
1,5.713373915626097,0.1954343015518247,0.0,0.0,0.0411028549313716,2.318467855314847,1.2761856469925568,1.882183256835498,0.0,0.0,stage_in_openmm(6)->read_openmm(12)->write_openmm(12)->stage_out_openmm(24)->read_training(1)->write_training(1)->read_inference(1)->write_inference(1),tmpfs,tmpfs,tmpfs,beegfs,0.195434,0.020551,0.020551,1.882183,0.0,0.249123,0.027999,0.0,0.0,0.598188,1.72028,0.0,0.0,0.638093,0.638093,0.0,0.638093,0.638093,0.0,0.0,0.618739,1.740831,0.195434,1.882183,0.2233681916930736,0.4129906487559225,0.36364099929069,2,2
4,5.729546809045534,0.1954343015518247,0.0,0.0,0.0572757483508076,2.318467855314847,1.2761856469925568,1.882183256835498,0.0,0.0,stage_in_openmm(6)->read_openmm(3)->write_openmm(3)->stage_out_openmm(24)->read_training(1)->write_training(1)->read_inference(1)->write_inference(1),tmpfs,tmpfs,tmpfs,beegfs,0.195434,0.028638,0.028638,1.882183,0.0,0.249123,0.027999,0.0,0.0,0.598188,1.72028,0.0,0.0,0.638093,0.638093,0.0,0.638093,0.638093,0.0,0.0,0.6268260000000001,1.748918,0.195434,1.882183,0.222737686335854,0.41464780360095405,0.36261454339104016,2,2
2,5.734695275291176,0.1954343015518247,0.0,0.0,0.06242421459645,2.318467855314847,1.2761856469925568,1.882183256835498,0.0,0.0,stage_in_openmm(6)->read_openmm(6)->write_openmm(6)->stage_out_openmm(24)->read_training(1)->write_training(1)->read_inference(1)->write_inference(1),tmpfs,tmpfs,tmpfs,beegfs,0.195434,0.031212,0.031212,1.882183,0.0,0.249123,0.027999,0.0,0.0,0.598188,1.72028,0.0,0.0,0.638093,0.638093,0.0,0.638093,0.638093,0.0,0.0,0.6294000000000001,1.751492,0.195434,1.882183,0.22253771800193514,0.4151732368863656,0.3622889971070255,2,2
4,7.923327369942869,0.0,0.0,0.0211950940044729,0.2356868640346832,7.0939122031582516,0.4611885217184416,0.0386515502096744,0.0,0.0726931368173446,read_openmm(3)->write_openmm(3)->stage_out_openmm(24)->read_training(1)->write_training(1)->stage_in_inference(13)->read_inference(1)->write_inference(1)->stage_out_inference(13),beegfs,beegfs,beegfs,ssd,0.0,0.117843,0.117843,0.038652,0.0,0.740471,0.067429,0.0,0.0,1.846054,5.247858,0.0,0.021195,0.230594,0.230594,0.072693,1.963897,5.365701,0.230594,0.230594,0.0,0.0,0.021195,0.111345,0.9250656520647997,0.05820635428361294,0.016727820751515778,6,0
4,7.97656078498259,0.0,0.0532334150397215,0.0211950940044729,0.2356868640346832,7.0939122031582516,0.4611885217184416,0.0386515502096744,0.0,0.0726931368173446,read_openmm(3)->write_openmm(3)->stage_out_openmm(24)->stage_in_aggregate(16)->read_training(1)->write_training(1)->stage_in_inference(13)->read_inference(1)->write_inference(1)->stage_out_inference(13),beegfs,ssd,beegfs,ssd,0.0,0.117843,0.117843,0.038652,0.053233,0.268205,0.102143,0.0,0.0,1.846054,5.247858,0.0,0.021195,0.230594,0.230594,0.072693,1.963897,5.365701,0.230594,0.230594,0.0,0.0,0.074428,0.111345,0.9188920134349705,0.057817900776010796,0.023289862010420593,6,0
2,8.010211776105622,0.0,0.0,0.0211950940044729,0.3225712701974376,7.0939122031582516,0.4611885217184416,0.0386515502096744,0.0,0.0726931368173446,read_openmm(6)->write_openmm(6)->stage_out_openmm(24)->read_training(1)->write_training(1)->stage_in_inference(13)->read_inference(1)->write_inference(1)->stage_out_inference(13),beegfs,beegfs,beegfs,ssd,0.0,0.161286,0.161286,0.038652,0.0,0.740471,0.067429,0.0,0.0,1.846054,5.247858,0.0,0.021195,0.230594,0.230594,0.072693,2.00734,5.4091439999999995,0.230594,0.230594,0.0,0.0,0.021195,0.111345,0.9258786418259711,0.057575007114750866,0.01654637901027147,6,0
2,8.063445191145345,0.0,0.0532334150397215,0.0211950940044729,0.3225712701974376,7.0939122031582516,0.4611885217184416,0.0386515502096744,0.0,0.0726931368173446,read_openmm(6)->write_openmm(6)->stage_out_openmm(24)->stage_in_aggregate(16)->read_training(1)->write_training(1)->stage_in_inference(13)->read_inference(1)->write_inference(1)->stage_out_inference(13),beegfs,ssd,beegfs,ssd,0.0,0.161286,0.161286,0.038652,0.053233,0.268205,0.102143,0.0,0.0,1.846054,5.247858,0.0,0.021195,0.230594,0.230594,0.072693,2.00734,5.4091439999999995,0.230594,0.230594,0.0,0.0,0.074428,0.111345,0.9197661575406121,0.05719490727194177,0.023038911482151397,6,0
1,8.066090511608683,0.0,0.0,0.0211950940044729,0.3784500057004986,7.0939122031582516,0.4611885217184416,0.0386515502096744,0.0,0.0726931368173446,read_openmm(12)->write_openmm(12)->stage_out_openmm(24)->read_training(1)->write_training(1)->stage_in_inference(13)->read_inference(1)->write_inference(1)->stage_out_inference(13),beegfs,beegfs,beegfs,ssd,0.0,0.189225,0.189225,0.038652,0.0,0.740471,0.067429,0.0,0.0,1.846054,5.247858,0.0,0.021195,0.230594,0.230594,0.072693,2.035279,5.437083,0.230594,0.230594,0.0,0.0,0.021195,0.111345,0.9263920345605944,0.057176149875358205,0.01643175213682918,6,0
1,8.119323926648406,0.0,0.0532334150397215,0.0211950940044729,0.3784500057004986,7.0939122031582516,0.4611885217184416,0.0386515502096744,0.0,0.0726931368173446,read_openmm(12)->write_openmm(12)->stage_out_openmm(24)->stage_in_aggregate(16)->read_training(1)->write_training(1)->stage_in_inference(13)->read_inference(1)->write_inference(1)->stage_out_inference(13),beegfs,ssd,beegfs,ssd,0.0,0.189225,0.189225,0.038652,0.053233,0.268205,0.102143,0.0,0.0,1.846054,5.247858,0.0,0.021195,0.230594,0.230594,0.072693,2.035279,5.437083,0.230594,0.230594,0.0,0.0,0.074428,0.111345,0.9203182515571359,0.05680128101383905,0.022880353300137733,6,0
4,8.175451000714446,0.0,0.0,0.1088741391717016,0.2356868640346832,7.0939122031582516,0.4303109022903254,0.1954343015518247,0.0,0.1112325905076594,read_openmm(3)->write_openmm(3)->stage_out_openmm(6)->read_training(1)->write_training(1)->stage_in_inference(4)->read_inference(1)->write_inference(1)->stage_out_inference(4),beegfs,beegfs,beegfs,tmpfs,0.0,0.117843,0.117843,0.195434,0.0,0.740471,0.067429,0.0,0.0,1.846054,5.247858,0.0,0.108874,0.215155,0.215155,0.111233,1.963897,5.365701,0.0,0.0,0.215155,0.215155,0.108874,0.306667,0.8965374508829635,0.05263440511873203,0.05082789927597088,6,0
4,8.228684415754168,0.0,0.0532334150397215,0.1088741391717016,0.2356868640346832,7.0939122031582516,0.4303109022903254,0.1954343015518247,0.0,0.1112325905076594,read_openmm(3)->write_openmm(3)->stage_out_openmm(6)->stage_in_aggregate(16)->read_training(1)->write_training(1)->stage_in_inference(4)->read_inference(1)->write_inference(1)->stage_out_inference(4),beegfs,ssd,beegfs,tmpfs,0.0,0.117843,0.117843,0.195434,0.053233,0.268205,0.102143,0.0,0.0,1.846054,5.247858,0.0,0.108874,0.215155,0.215155,0.111233,1.963897,5.365701,0.0,0.0,0.215155,0.215155,0.162107,0.306667,0.8907375261550048,0.05229390000376012,0.05696828026390892,6,0
2,8.2623354068772,0.0,0.0,0.1088741391717016,0.3225712701974376,7.0939122031582516,0.4303109022903254,0.1954343015518247,0.0,0.1112325905076594,read_openmm(6)->write_openmm(6)->stage_out_openmm(6)->read_training(1)->write_training(1)->stage_in_inference(4)->read_inference(1)->write_inference(1)->stage_out_inference(4),beegfs,beegfs,beegfs,tmpfs,0.0,0.161286,0.161286,0.195434,0.0,0.740471,0.067429,0.0,0.0,1.846054,5.247858,0.0,0.108874,0.215155,0.215155,0.111233,2.00734,5.4091439999999995,0.0,0.0,0.215155,0.215155,0.108874,0.306667,0.8976256269899127,0.052080916449092234,0.050293407316056415,6,0
2,8.315568821916921,0.0,0.0532334150397215,0.1088741391717016,0.3225712701974376,7.0939122031582516,0.4303109022903254,0.1954343015518247,0.0,0.1112325905076594,read_openmm(6)->write_openmm(6)->stage_out_openmm(6)->stage_in_aggregate(16)->read_training(1)->write_training(1)->stage_in_inference(4)->read_inference(1)->write_inference(1)->stage_out_inference(4),beegfs,ssd,beegfs,tmpfs,0.0,0.161286,0.161286,0.195434,0.053233,0.268205,0.102143,0.0,0.0,1.846054,5.247858,0.0,0.108874,0.215155,0.215155,0.111233,2.00734,5.4091439999999995,0.0,0.0,0.215155,0.215155,0.162107,0.306667,0.8918793360776305,0.05174751231278396,0.056373052768731814,6,0
1,8.318214142380262,0.0,0.0,0.1088741391717016,0.3784500057004986,7.0939122031582516,0.4303109022903254,0.1954343015518247,0.0,0.1112325905076594,read_openmm(12)->write_openmm(12)->stage_out_openmm(6)->read_training(1)->write_training(1)->stage_in_inference(4)->read_inference(1)->write_inference(1)->stage_out_inference(4),beegfs,beegfs,beegfs,tmpfs,0.0,0.189225,0.189225,0.195434,0.0,0.740471,0.067429,0.0,0.0,1.846054,5.247858,0.0,0.108874,0.215155,0.215155,0.111233,2.035279,5.437083,0.0,0.0,0.215155,0.215155,0.108874,0.306667,0.8983132523516498,0.051731055805304724,0.049955554508127005,6,0
1,8.371447557419982,0.0,0.0532334150397215,0.1088741391717016,0.3784500057004986,7.0939122031582516,0.4303109022903254,0.1954343015518247,0.0,0.1112325905076594,read_openmm(12)->write_openmm(12)->stage_out_openmm(6)->stage_in_aggregate(16)->read_training(1)->write_training(1)->stage_in_inference(4)->read_inference(1)->write_inference(1)->stage_out_inference(4),beegfs,ssd,beegfs,tmpfs,0.0,0.189225,0.189225,0.195434,0.053233,0.268205,0.102143,0.0,0.0,1.846054,5.247858,0.0,0.108874,0.215155,0.215155,0.111233,2.035279,5.437083,0.0,0.0,0.215155,0.215155,0.162107,0.306667,0.8926009449077925,0.051402101852569805,0.05599676720001059,6,0
4,8.387333790018147,0.0,0.307223668733128,0.0211950940044729,0.2356868640346832,7.0939122031582516,0.4611885217184416,0.1954343015518247,0.0,0.0726931368173446,read_openmm(3)->write_openmm(3)->stage_out_openmm(6)->stage_in_aggregate(4)->read_training(1)->write_training(1)->stage_in_inference(13)->read_inference(1)->write_inference(1)->stage_out_inference(13),beegfs,tmpfs,beegfs,ssd,0.0,0.117843,0.117843,0.195434,0.307224,0.249123,0.027999,0.0,0.0,1.846054,5.247858,0.0,0.021195,0.230594,0.230594,0.072693,1.963897,5.365701,0.230594,0.230594,0.0,0.0,0.328419,0.268127,0.8738889119593829,0.05498624611182276,0.0711246285094656,6,0
2,8.474218196180901,0.0,0.307223668733128,0.0211950940044729,0.3225712701974376,7.0939122031582516,0.4611885217184416,0.1954343015518247,0.0,0.0726931368173446,read_openmm(6)->write_openmm(6)->stage_out_openmm(6)->stage_in_aggregate(4)->read_training(1)->write_training(1)->stage_in_inference(13)->read_inference(1)->write_inference(1)->stage_out_inference(13),beegfs,tmpfs,beegfs,ssd,0.0,0.161286,0.161286,0.195434,0.307224,0.249123,0.027999,0.0,0.0,1.846054,5.247858,0.0,0.021195,0.230594,0.230594,0.072693,2.00734,5.4091439999999995,0.230594,0.230594,0.0,0.0,0.328419,0.268127,0.8751820909380799,0.05442248350506131,0.07039540240641627,6,0
4,8.482674669447574,0.0,0.307223668733128,0.1088741391717016,0.2356868640346832,7.0939122031582516,0.4303109022903254,0.1954343015518247,0.0,0.1112325905076594,read_openmm(3)->write_openmm(3)->stage_out_openmm(6)->stage_in_aggregate(4)->read_training(1)->write_training(1)->stage_in_inference(4)->read_inference(1)->write_inference(1)->stage_out_inference(4),beegfs,tmpfs,beegfs,tmpfs,0.0,0.117843,0.117843,0.195434,0.307224,0.249123,0.027999,0.0,0.0,1.846054,5.247858,0.0,0.108874,0.215155,0.215155,0.111233,1.963897,5.365701,0.0,0.0,0.215155,0.215155,0.41609799999999997,0.306667,0.8640668522156666,0.05072810366638437,0.08520484731108804,6,0
1,8.530096931683962,0.0,0.307223668733128,0.0211950940044729,0.3784500057004986,7.0939122031582516,0.4611885217184416,0.1954343015518247,0.0,0.0726931368173446,read_openmm(12)->write_openmm(12)->stage_out_openmm(6)->stage_in_aggregate(4)->read_training(1)->write_training(1)->stage_in_inference(13)->read_inference(1)->write_inference(1)->stage_out_inference(13),beegfs,tmpfs,beegfs,ssd,0.0,0.189225,0.189225,0.195434,0.307224,0.249123,0.027999,0.0,0.0,1.846054,5.247858,0.0,0.021195,0.230594,0.230594,0.072693,2.035279,5.437083,0.230594,0.230594,0.0,0.0,0.328419,0.268127,0.8759996586022352,0.054065974125911936,0.0699342580485968,6,0
2,8.569559075610329,0.0,0.307223668733128,0.1088741391717016,0.3225712701974376,7.0939122031582516,0.4303109022903254,0.1954343015518247,0.0,0.1112325905076594,read_openmm(6)->write_openmm(6)->stage_out_openmm(6)->stage_in_aggregate(4)->read_training(1)->write_training(1)->stage_in_inference(4)->read_inference(1)->write_inference(1)->stage_out_inference(4),beegfs,tmpfs,beegfs,tmpfs,0.0,0.161286,0.161286,0.195434,0.307224,0.249123,0.027999,0.0,0.0,1.846054,5.247858,0.0,0.108874,0.215155,0.215155,0.111233,2.00734,5.4091439999999995,0.0,0.0,0.215155,0.215155,0.41609799999999997,0.306667,0.8654452270604048,0.050213785353863484,0.0843409787624855,6,0
4,8.605784714185491,0.0,0.0,0.0,0.2356868640346832,7.0939122031582516,1.2761856469925568,0.0,0.0,0.0,read_openmm(3)->write_openmm(3)->read_training(1)->write_training(1)->read_inference(1)->write_inference(1),beegfs,beegfs,beegfs,beegfs,0.0,0.117843,0.117843,0.0,0.0,0.740471,0.067429,0.0,0.0,1.846054,5.247858,0.0,0.0,0.638093,0.638093,0.0,2.60199,6.003793999999999,0.0,0.0,0.0,0.0,0.0,0.0,0.9999999170108811,0.0,0.0,6,0
1,8.62543781111339,0.0,0.307223668733128,0.1088741391717016,0.3784500057004986,7.0939122031582516,0.4303109022903254,0.1954343015518247,0.0,0.1112325905076594,read_openmm(12)->write_openmm(12)->stage_out_openmm(6)->stage_in_aggregate(4)->read_training(1)->write_training(1)->stage_in_inference(4)->read_inference(1)->write_inference(1)->stage_out_inference(4),beegfs,tmpfs,beegfs,tmpfs,0.0,0.189225,0.189225,0.195434,0.307224,0.249123,0.027999,0.0,0.0,1.846054,5.247858,0.0,0.108874,0.215155,0.215155,0.111233,2.035279,5.437083,0.0,0.0,0.215155,0.215155,0.41609799999999997,0.306667,0.8663168367374253,0.049888482118034636,0.08379458710706537,6,0
2,8.692669120348246,0.0,0.0,0.0,0.3225712701974376,7.0939122031582516,1.2761856469925568,0.0,0.0,0.0,read_openmm(6)->write_openmm(6)->read_training(1)->write_training(1)->read_inference(1)->write_inference(1),beegfs,beegfs,beegfs,beegfs,0.0,0.161286,0.161286,0.0,0.0,0.740471,0.067429,0.0,0.0,1.846054,5.247858,0.0,0.0,0.638093,0.638093,0.0,2.645433,6.047236999999999,0.0,0.0,0.0,0.0,0.0,0.0,1.0,0.0,0.0,6,0
4,8.697669679434888,0.0,0.0532334150397215,0.0,0.2356868640346832,7.0939122031582516,1.2761856469925568,0.0386515502096744,0.0,0.0,read_openmm(3)->write_openmm(3)->stage_out_openmm(24)->stage_in_aggregate(16)->read_training(1)->write_training(1)->read_inference(1)->write_inference(1),beegfs,ssd,beegfs,beegfs,0.0,0.117843,0.117843,0.038652,0.053233,0.268205,0.102143,0.0,0.0,1.846054,5.247858,0.0,0.0,0.638093,0.638093,0.0,2.60199,6.003793999999999,0.0,0.0,0.0,0.0,0.053233,0.038652,0.9894355979449144,0.0,0.010564323938082626,6,0
1,8.748547855851307,0.0,0.0,0.0,0.3784500057004986,7.0939122031582516,1.2761856469925568,0.0,0.0,0.0,read_openmm(12)->write_openmm(12)->read_training(1)->write_training(1)->read_inference(1)->write_inference(1),beegfs,beegfs,beegfs,beegfs,0.0,0.189225,0.189225,0.0,0.0,0.740471,0.067429,0.0,0.0,1.846054,5.247858,0.0,0.0,0.638093,0.638093,0.0,2.673372,6.075176000000001,0.0,0.0,0.0,0.0,0.0,0.0,1.0,0.0,0.0,6,0
2,8.784554085597643,0.0,0.0532334150397215,0.0,0.3225712701974376,7.0939122031582516,1.2761856469925568,0.0386515502096744,0.0,0.0,read_openmm(6)->write_openmm(6)->stage_out_openmm(24)->stage_in_aggregate(16)->read_training(1)->write_training(1)->read_inference(1)->write_inference(1),beegfs,ssd,beegfs,beegfs,0.0,0.161286,0.161286,0.038652,0.053233,0.268205,0.102143,0.0,0.0,1.846054,5.247858,0.0,0.0,0.638093,0.638093,0.0,2.645433,6.047236999999999,0.0,0.0,0.0,0.0,0.053233,0.038652,0.9895402675305651,0.0,0.010459836561384014,6,0
1,8.823122030726402,0.1954343015518247,0.0,0.0,0.0411028549313716,7.0939122031582516,1.2761856469925568,0.2164870240923987,0.0,0.0,stage_in_openmm(6)->read_openmm(12)->write_openmm(12)->stage_out_openmm(6)->read_training(1)->write_training(1)->read_inference(1)->write_inference(1),tmpfs,beegfs,beegfs,beegfs,0.195434,0.020551,0.020551,0.216487,0.0,0.740471,0.067429,0.0,0.0,1.846054,5.247858,0.0,0.0,0.638093,0.638093,0.0,2.484147,5.885951,0.0,0.0,0.020551,0.020551,0.195434,0.216487,0.9486549059222233,0.0046584417462274905,0.046686535510383285,5,1
4,8.839294924145838,0.1954343015518247,0.0,0.0,0.0572757483508076,7.0939122031582516,1.2761856469925568,0.2164870240923987,0.0,0.0,stage_in_openmm(6)->read_openmm(3)->write_openmm(3)->stage_out_openmm(6)->read_training(1)->write_training(1)->read_inference(1)->write_inference(1),tmpfs,beegfs,beegfs,beegfs,0.195434,0.028638,0.028638,0.216487,0.0,0.740471,0.067429,0.0,0.0,1.846054,5.247858,0.0,0.0,0.638093,0.638093,0.0,2.484147,5.885951,0.0,0.0,0.028638,0.028638,0.195434,0.216487,0.946919191160247,0.0064797023395537666,0.04660111508155819,5,1
1,8.840432821100704,0.0,0.0532334150397215,0.0,0.3784500057004986,7.0939122031582516,1.2761856469925568,0.0386515502096744,0.0,0.0,read_openmm(12)->write_openmm(12)->stage_out_openmm(24)->stage_in_aggregate(16)->read_training(1)->write_training(1)->read_inference(1)->write_inference(1),beegfs,ssd,beegfs,beegfs,0.0,0.189225,0.189225,0.038652,0.053233,0.268205,0.102143,0.0,0.0,1.846054,5.247858,0.0,0.0,0.638093,0.638093,0.0,2.673372,6.075176000000001,0.0,0.0,0.0,0.0,0.053233,0.038652,0.9896062983610511,0.0,0.010393721875322072,6,0
2,8.844443390391481,0.1954343015518247,0.0,0.0,0.06242421459645,7.0939122031582516,1.2761856469925568,0.2164870240923987,0.0,0.0,stage_in_openmm(6)->read_openmm(6)->write_openmm(6)->stage_out_openmm(6)->read_training(1)->write_training(1)->read_inference(1)->write_inference(1),tmpfs,beegfs,beegfs,beegfs,0.195434,0.031212,0.031212,0.216487,0.0,0.740471,0.067429,0.0,0.0,1.846054,5.247858,0.0,0.0,0.638093,0.638093,0.0,2.484147,5.885951,0.0,0.0,0.031212,0.031212,0.195434,0.216487,0.9463679771066486,0.007057990790897003,0.04657398796259587,5,1
4,9.0550317834956,0.0386515502096744,0.0,0.0,0.5157529127306588,7.0939122031582516,1.2761856469925568,0.1305294704044552,0.0,0.0,stage_in_openmm(24)->read_openmm(3)->write_openmm(3)->stage_out_openmm(24)->read_training(1)->write_training(1)->read_inference(1)->write_inference(1),ssd,beegfs,beegfs,beegfs,0.038652,0.257876,0.257876,0.130529,0.0,0.740471,0.067429,0.0,0.0,1.846054,5.247858,0.0,0.0,0.638093,0.638093,0.0,2.484147,5.885951,0.257876,0.257876,0.0,0.0,0.038652,0.130529,0.9243587653944034,0.056957503002915175,0.018683645076579814,5,1
4,9.108442684470443,0.0,0.307223668733128,0.0,0.2356868640346832,7.0939122031582516,1.2761856469925568,0.1954343015518247,0.0,0.0,read_openmm(3)->write_openmm(3)->stage_out_openmm(6)->stage_in_aggregate(4)->read_training(1)->write_training(1)->read_inference(1)->write_inference(1),beegfs,tmpfs,beegfs,beegfs,0.0,0.117843,0.117843,0.195434,0.307224,0.249123,0.027999,0.0,0.0,1.846054,5.247858,0.0,0.0,0.638093,0.638093,0.0,2.60199,6.003793999999999,0.0,0.0,0.0,0.0,0.307224,0.195434,0.9448139817217709,0.0,0.05518594313130587,6,0
2,9.195327090633198,0.0,0.307223668733128,0.0,0.3225712701974376,7.0939122031582516,1.2761856469925568,0.1954343015518247,0.0,0.0,read_openmm(6)->write_openmm(6)->stage_out_openmm(6)->stage_in_aggregate(4)->read_training(1)->write_training(1)->read_inference(1)->write_inference(1),beegfs,tmpfs,beegfs,beegfs,0.0,0.161286,0.161286,0.195434,0.307224,0.249123,0.027999,0.0,0.0,1.846054,5.247858,0.0,0.0,0.638093,0.638093,0.0,2.645433,6.047236999999999,0.0,0.0,0.0,0.0,0.307224,0.195434,0.9453355942991768,0.0,0.05466450459516301,6,0
1,9.25120582613626,0.0,0.307223668733128,0.0,0.3784500057004986,7.0939122031582516,1.2761856469925568,0.1954343015518247,0.0,0.0,read_openmm(12)->write_openmm(12)->stage_out_openmm(6)->stage_in_aggregate(4)->read_training(1)->write_training(1)->read_inference(1)->write_inference(1),beegfs,tmpfs,beegfs,beegfs,0.0,0.189225,0.189225,0.195434,0.307224,0.249123,0.027999,0.0,0.0,1.846054,5.247858,0.0,0.0,0.638093,0.638093,0.0,2.673372,6.075176000000001,0.0,0.0,0.0,0.0,0.307224,0.195434,0.9456656963876958,0.0,0.054334322405826245,6,0
2,9.545106517888714,0.0386515502096744,0.0,0.0,1.0058276471237744,7.0939122031582516,1.2761856469925568,0.1305294704044552,0.0,0.0,stage_in_openmm(24)->read_openmm(6)->write_openmm(6)->stage_out_openmm(24)->read_training(1)->write_training(1)->read_inference(1)->write_inference(1),ssd,beegfs,beegfs,beegfs,0.038652,0.502914,0.502914,0.130529,0.0,0.740471,0.067429,0.0,0.0,1.846054,5.247858,0.0,0.0,0.638093,0.638093,0.0,2.484147,5.885951,0.502914,0.502914,0.0,0.0,0.038652,0.130529,0.8768993813020862,0.10537629916594939,0.01772437004059788,5,1
1,9.715621195845936,0.0386515502096744,0.0,0.0,1.1763423250809963,7.0939122031582516,1.2761856469925568,0.1305294704044552,0.0,0.0,stage_in_openmm(24)->read_openmm(12)->write_openmm(12)->stage_out_openmm(24)->read_training(1)->write_training(1)->read_inference(1)->write_inference(1),ssd,beegfs,beegfs,beegfs,0.038652,0.588171,0.588171,0.130529,0.0,0.740471,0.067429,0.0,0.0,1.846054,5.247858,0.0,0.0,0.638093,0.638093,0.0,2.484147,5.885951,0.588171,0.588171,0.0,0.0,0.038652,0.130529,0.8615092984047077,0.12107738417208384,0.01741329726526581,5,1
1,9.754176109274932,0.1954343015518247,0.0,0.0,0.0411028549313716,7.0939122031582516,0.4303109022903254,1.882183256835498,0.0,0.1112325905076594,stage_in_openmm(6)->read_openmm(12)->write_openmm(12)->stage_out_openmm(24)->read_training(1)->write_training(1)->read_inference(1)->write_inference(1)->stage_out_inference(4),tmpfs,beegfs,beegfs,tmpfs,0.195434,0.020551,0.020551,1.882183,0.0,0.740471,0.067429,0.0,0.0,1.846054,5.247858,0.0,0.0,0.215155,0.215155,0.111233,1.846054,5.247858,0.0,0.0,0.23570600000000003,0.23570600000000003,0.195434,1.9934159999999999,0.727269214798562,0.04832924838743697,0.2244013205706291,5,1
1,9.754176109274932,0.1954343015518247,0.0,0.0,0.0411028549313716,7.0939122031582516,0.4303109022903254,1.882183256835498,0.0,0.1112325905076594,stage_in_openmm(6)->read_openmm(12)->write_openmm(12)->stage_out_openmm(24)->read_training(1)->write_training(1)->read_inference(1)->write_inference(1)->stage_out_inference(4),tmpfs,tmpfs,beegfs,tmpfs,0.195434,0.020551,0.020551,1.882183,0.0,0.249123,0.027999,0.0,0.0,1.846054,5.247858,0.0,0.0,0.215155,0.215155,0.111233,1.846054,5.247858,0.0,0.0,0.23570600000000003,0.23570600000000003,0.195434,1.9934159999999999,0.727269214798562,0.04832924838743697,0.2244013205706291,5,1
4,9.770349002694369,0.1954343015518247,0.0,0.0,0.0572757483508076,7.0939122031582516,0.4303109022903254,1.882183256835498,0.0,0.1112325905076594,stage_in_openmm(6)->read_openmm(3)->write_openmm(3)->stage_out_openmm(24)->read_training(1)->write_training(1)->read_inference(1)->write_inference(1)->stage_out_inference(4),tmpfs,beegfs,beegfs,tmpfs,0.195434,0.028638,0.028638,1.882183,0.0,0.740471,0.067429,0.0,0.0,1.846054,5.247858,0.0,0.0,0.215155,0.215155,0.111233,1.846054,5.247858,0.0,0.0,0.243793,0.243793,0.195434,1.9934159999999999,0.7260653634832273,0.04990466562304873,0.2240298682673625,5,1
4,9.770349002694369,0.1954343015518247,0.0,0.0,0.0572757483508076,7.0939122031582516,0.4303109022903254,1.882183256835498,0.0,0.1112325905076594,stage_in_openmm(6)->read_openmm(3)->write_openmm(3)->stage_out_openmm(24)->read_training(1)->write_training(1)->read_inference(1)->write_inference(1)->stage_out_inference(4),tmpfs,tmpfs,beegfs,tmpfs,0.195434,0.028638,0.028638,1.882183,0.0,0.249123,0.027999,0.0,0.0,1.846054,5.247858,0.0,0.0,0.215155,0.215155,0.111233,1.846054,5.247858,0.0,0.0,0.243793,0.243793,0.195434,1.9934159999999999,0.7260653634832273,0.04990466562304873,0.2240298682673625,5,1
2,9.77549746894001,0.1954343015518247,0.0,0.0,0.06242421459645,7.0939122031582516,0.4303109022903254,1.882183256835498,0.0,0.1112325905076594,stage_in_openmm(6)->read_openmm(6)->write_openmm(6)->stage_out_openmm(24)->read_training(1)->write_training(1)->read_inference(1)->write_inference(1)->stage_out_inference(4),tmpfs,beegfs,beegfs,tmpfs,0.195434,0.031212,0.031212,1.882183,0.0,0.740471,0.067429,0.0,0.0,1.846054,5.247858,0.0,0.0,0.215155,0.215155,0.111233,1.846054,5.247858,0.0,0.0,0.246367,0.246367,0.195434,1.9934159999999999,0.7256829662673413,0.05040500512281125,0.22391187834219964,5,1
2,9.77549746894001,0.1954343015518247,0.0,0.0,0.06242421459645,7.0939122031582516,0.4303109022903254,1.882183256835498,0.0,0.1112325905076594,stage_in_openmm(6)->read_openmm(6)->write_openmm(6)->stage_out_openmm(24)->read_training(1)->write_training(1)->read_inference(1)->write_inference(1)->stage_out_inference(4),tmpfs,tmpfs,beegfs,tmpfs,0.195434,0.031212,0.031212,1.882183,0.0,0.249123,0.027999,0.0,0.0,1.846054,5.247858,0.0,0.0,0.215155,0.215155,0.111233,1.846054,5.247858,0.0,0.0,0.246367,0.246367,0.195434,1.9934159999999999,0.7256829662673413,0.05040500512281125,0.22391187834219964,5,1
4,10.067405915181467,0.0386515502096744,0.0,0.0,0.5157529127306588,7.0939122031582516,0.4611885217184416,1.885207590547096,0.0,0.0726931368173446,stage_in_openmm(24)->read_openmm(3)->write_openmm(3)->stage_out_openmm(24)->read_training(1)->write_training(1)->read_inference(1)->write_inference(1)->stage_out_inference(13),ssd,beegfs,beegfs,ssd,0.038652,0.257876,0.257876,1.885208,0.0,0.740471,0.067429,0.0,0.0,1.846054,5.247858,0.0,0.0,0.230594,0.230594,0.072693,1.846054,5.247858,0.48846999999999996,0.48846999999999996,0.0,0.0,0.038652,1.957901,0.7046414994851655,0.0970398937154898,0.19831851589385457,5,1
4,10.067405915181467,0.0386515502096744,0.0,0.0,0.5157529127306588,7.0939122031582516,0.4611885217184416,1.885207590547096,0.0,0.0726931368173446,stage_in_openmm(24)->read_openmm(3)->write_openmm(3)->stage_out_openmm(24)->read_training(1)->write_training(1)->read_inference(1)->write_inference(1)->stage_out_inference(13),ssd,ssd,beegfs,ssd,0.038652,0.257876,0.257876,1.885208,0.0,0.268205,0.102143,0.0,0.0,1.846054,5.247858,0.0,0.0,0.230594,0.230594,0.072693,1.846054,5.247858,0.48846999999999996,0.48846999999999996,0.0,0.0,0.038652,1.957901,0.7046414994851655,0.0970398937154898,0.19831851589385457,5,1
1,10.488818263469502,0.1954343015518247,0.0,0.0,0.0411028549313716,7.0939122031582516,1.2761856469925568,1.882183256835498,0.0,0.0,stage_in_openmm(6)->read_openmm(12)->write_openmm(12)->stage_out_openmm(24)->read_training(1)->write_training(1)->read_inference(1)->write_inference(1),tmpfs,tmpfs,beegfs,beegfs,0.195434,0.020551,0.020551,1.882183,0.0,0.249123,0.027999,0.0,0.0,1.846054,5.247858,0.0,0.0,0.638093,0.638093,0.0,2.484147,5.885951,0.0,0.0,0.020551,0.020551,0.195434,1.882183,0.798002004587172,0.003918649267014788,0.19807922568700945,5,1
4,10.504991156888938,0.1954343015518247,0.0,0.0,0.0572757483508076,7.0939122031582516,1.2761856469925568,1.882183256835498,0.0,0.0,stage_in_openmm(6)->read_openmm(3)->write_openmm(3)->stage_out_openmm(24)->read_training(1)->write_training(1)->read_inference(1)->write_inference(1),tmpfs,tmpfs,beegfs,beegfs,0.195434,0.028638,0.028638,1.882183,0.0,0.249123,0.027999,0.0,0.0,1.846054,5.247858,0.0,0.0,0.638093,0.638093,0.0,2.484147,5.885951,0.0,0.0,0.028638,0.028638,0.195434,1.882183,0.7967734455930771,0.005452265417894639,0.19777427405422873,5,1
2,10.51013962313458,0.1954343015518247,0.0,0.0,0.06242421459645,7.0939122031582516,1.2761856469925568,1.882183256835498,0.0,0.0,stage_in_openmm(6)->read_openmm(6)->write_openmm(6)->stage_out_openmm(24)->read_training(1)->write_training(1)->read_inference(1)->write_inference(1),tmpfs,tmpfs,beegfs,beegfs,0.195434,0.031212,0.031212,1.882183,0.0,0.249123,0.027999,0.0,0.0,1.846054,5.247858,0.0,0.0,0.638093,0.638093,0.0,2.484147,5.885951,0.0,0.0,0.031212,0.031212,0.195434,1.882183,0.7963831404841868,0.005939407299841038,0.19767739292698064,5,1
2,10.557480649574584,0.0386515502096744,0.0,0.0,1.0058276471237744,7.0939122031582516,0.4611885217184416,1.885207590547096,0.0,0.0726931368173446,stage_in_openmm(24)->read_openmm(6)->write_openmm(6)->stage_out_openmm(24)->read_training(1)->write_training(1)->read_inference(1)->write_inference(1)->stage_out_inference(13),ssd,beegfs,beegfs,ssd,0.038652,0.502914,0.502914,1.885208,0.0,0.740471,0.067429,0.0,0.0,1.846054,5.247858,0.0,0.0,0.230594,0.230594,0.072693,1.846054,5.247858,0.7335079999999999,0.7335079999999999,0.0,0.0,0.038652,1.957901,0.6719322758394237,0.13895512089420448,0.1891126364584208,5,1
2,10.557480649574584,0.0386515502096744,0.0,0.0,1.0058276471237744,7.0939122031582516,0.4611885217184416,1.885207590547096,0.0,0.0726931368173446,stage_in_openmm(24)->read_openmm(6)->write_openmm(6)->stage_out_openmm(24)->read_training(1)->write_training(1)->read_inference(1)->write_inference(1)->stage_out_inference(13),ssd,ssd,beegfs,ssd,0.038652,0.502914,0.502914,1.885208,0.0,0.268205,0.102143,0.0,0.0,1.846054,5.247858,0.0,0.0,0.230594,0.230594,0.072693,1.846054,5.247858,0.7335079999999999,0.7335079999999999,0.0,0.0,0.038652,1.957901,0.6719322758394237,0.13895512089420448,0.1891126364584208,5,1
1,10.727995327531806,0.0386515502096744,0.0,0.0,1.1763423250809963,7.0939122031582516,0.4611885217184416,1.885207590547096,0.0,0.0726931368173446,stage_in_openmm(24)->read_openmm(12)->write_openmm(12)->stage_out_openmm(24)->read_training(1)->write_training(1)->read_inference(1)->write_inference(1)->stage_out_inference(13),ssd,beegfs,beegfs,ssd,0.038652,0.588171,0.588171,1.885208,0.0,0.740471,0.067429,0.0,0.0,1.846054,5.247858,0.0,0.0,0.230594,0.230594,0.072693,1.846054,5.247858,0.818765,0.818765,0.0,0.0,0.038652,1.957901,0.6612523387099049,0.15264081965037493,0.18610681110905752,5,1
1,10.727995327531806,0.0386515502096744,0.0,0.0,1.1763423250809963,7.0939122031582516,0.4611885217184416,1.885207590547096,0.0,0.0726931368173446,stage_in_openmm(24)->read_openmm(12)->write_openmm(12)->stage_out_openmm(24)->read_training(1)->write_training(1)->read_inference(1)->write_inference(1)->stage_out_inference(13),ssd,ssd,beegfs,ssd,0.038652,0.588171,0.588171,1.885208,0.0,0.268205,0.102143,0.0,0.0,1.846054,5.247858,0.0,0.0,0.230594,0.230594,0.072693,1.846054,5.247858,0.818765,0.818765,0.0,0.0,0.038652,1.957901,0.6612523387099049,0.15264081965037493,0.18610681110905752,5,1
4,10.80970990363824,0.0386515502096744,0.0,0.0,0.5157529127306588,7.0939122031582516,1.2761856469925568,1.885207590547096,0.0,0.0,stage_in_openmm(24)->read_openmm(3)->write_openmm(3)->stage_out_openmm(24)->read_training(1)->write_training(1)->read_inference(1)->write_inference(1),ssd,ssd,beegfs,beegfs,0.038652,0.257876,0.257876,1.885208,0.0,0.268205,0.102143,0.0,0.0,1.846054,5.247858,0.0,0.0,0.638093,0.638093,0.0,2.484147,5.885951,0.257876,0.257876,0.0,0.0,0.038652,1.885208,0.7743129163144415,0.04771191869139475,0.17797517390844186,5,1
2,11.299784638031356,0.0386515502096744,0.0,0.0,1.0058276471237744,7.0939122031582516,1.2761856469925568,1.885207590547096,0.0,0.0,stage_in_openmm(24)->read_openmm(6)->write_openmm(6)->stage_out_openmm(24)->read_training(1)->write_training(1)->read_inference(1)->write_inference(1),ssd,ssd,beegfs,beegfs,0.038652,0.502914,0.502914,1.885208,0.0,0.268205,0.102143,0.0,0.0,1.846054,5.247858,0.0,0.0,0.638093,0.638093,0.0,2.484147,5.885951,0.502914,0.502914,0.0,0.0,0.038652,1.885208,0.7407307544453781,0.08901302389557274,0.17025634218945643,5,1
1,11.470299315988576,0.0386515502096744,0.0,0.0,1.1763423250809963,7.0939122031582516,1.2761856469925568,1.885207590547096,0.0,0.0,stage_in_openmm(24)->read_openmm(12)->write_openmm(12)->stage_out_openmm(24)->read_training(1)->write_training(1)->read_inference(1)->write_inference(1),ssd,ssd,beegfs,beegfs,0.038652,0.588171,0.588171,1.885208,0.0,0.268205,0.102143,0.0,0.0,1.846054,5.247858,0.0,0.0,0.638093,0.638093,0.0,2.484147,5.885951,0.588171,0.588171,0.0,0.0,0.038652,1.885208,0.7297192313309644,0.10255547545827173,0.16772535284394388,5,1
4,14.592156852003146,0.0,11.287491078561532,0.0211950940044729,0.2356868640346832,2.318467855314847,0.4611885217184416,0.1954343015518247,0.0,0.0726931368173446,read_openmm(3)->write_openmm(3)->stage_out_openmm(6)->stage_in_training(34)->read_training(1)->write_training(1)->stage_in_inference(13)->read_inference(1)->write_inference(1)->stage_out_inference(13),beegfs,beegfs,tmpfs,ssd,0.0,0.117843,0.117843,0.195434,0.0,0.740471,0.067429,0.0,11.287491,0.598188,1.72028,0.0,0.021195,0.230594,0.230594,0.072693,0.117843,0.117843,0.230594,0.230594,0.598188,1.72028,11.308686,0.268127,0.016151553357763554,0.19048972870780448,0.7933585910166524,2,2
4,14.592156852003146,0.0,11.287491078561532,0.0211950940044729,0.2356868640346832,2.318467855314847,0.4611885217184416,0.1954343015518247,0.0,0.0726931368173446,read_openmm(3)->write_openmm(3)->stage_out_openmm(6)->stage_in_training(34)->read_training(1)->write_training(1)->stage_in_inference(13)->read_inference(1)->write_inference(1)->stage_out_inference(13),beegfs,tmpfs,tmpfs,ssd,0.0,0.117843,0.117843,0.195434,0.307224,0.249123,0.027999,0.0,11.287491,0.598188,1.72028,0.0,0.021195,0.230594,0.230594,0.072693,0.117843,0.117843,0.230594,0.230594,0.598188,1.72028,11.308686,0.268127,0.016151553357763554,0.19048972870780448,0.7933585910166524,2,2
2,14.6790412581659,0.0,11.287491078561532,0.0211950940044729,0.3225712701974376,2.318467855314847,0.4611885217184416,0.1954343015518247,0.0,0.0726931368173446,read_openmm(6)->write_openmm(6)->stage_out_openmm(6)->stage_in_training(34)->read_training(1)->write_training(1)->stage_in_inference(13)->read_inference(1)->write_inference(1)->stage_out_inference(13),beegfs,beegfs,tmpfs,ssd,0.0,0.161286,0.161286,0.195434,0.0,0.740471,0.067429,0.0,11.287491,0.598188,1.72028,0.0,0.021195,0.230594,0.230594,0.072693,0.161286,0.161286,0.230594,0.230594,0.598188,1.72028,11.308686,0.268127,0.021975004656420074,0.18936223089185047,0.7886627468642796,2,2
2,14.6790412581659,0.0,11.287491078561532,0.0211950940044729,0.3225712701974376,2.318467855314847,0.4611885217184416,0.1954343015518247,0.0,0.0726931368173446,read_openmm(6)->write_openmm(6)->stage_out_openmm(6)->stage_in_training(34)->read_training(1)->write_training(1)->stage_in_inference(13)->read_inference(1)->write_inference(1)->stage_out_inference(13),beegfs,tmpfs,tmpfs,ssd,0.0,0.161286,0.161286,0.195434,0.307224,0.249123,0.027999,0.0,11.287491,0.598188,1.72028,0.0,0.021195,0.230594,0.230594,0.072693,0.161286,0.161286,0.230594,0.230594,0.598188,1.72028,11.308686,0.268127,0.021975004656420074,0.18936223089185047,0.7886627468642796,2,2
4,14.687497731432574,0.0,11.287491078561532,0.1088741391717016,0.2356868640346832,2.318467855314847,0.4303109022903254,0.1954343015518247,0.0,0.1112325905076594,read_openmm(3)->write_openmm(3)->stage_out_openmm(6)->stage_in_training(34)->read_training(1)->write_training(1)->stage_in_inference(4)->read_inference(1)->write_inference(1)->stage_out_inference(4),beegfs,beegfs,tmpfs,tmpfs,0.0,0.117843,0.117843,0.195434,0.0,0.740471,0.067429,0.0,11.287491,0.598188,1.72028,0.0,0.108874,0.215155,0.215155,0.111233,0.117843,0.117843,0.0,0.0,0.813343,1.935435,11.396365,0.306667,0.016046708861482552,0.18715087145968912,0.796802301793971,2,2
4,14.687497731432574,0.0,11.287491078561532,0.1088741391717016,0.2356868640346832,2.318467855314847,0.4303109022903254,0.1954343015518247,0.0,0.1112325905076594,read_openmm(3)->write_openmm(3)->stage_out_openmm(6)->stage_in_training(34)->read_training(1)->write_training(1)->stage_in_inference(4)->read_inference(1)->write_inference(1)->stage_out_inference(4),beegfs,tmpfs,tmpfs,tmpfs,0.0,0.117843,0.117843,0.195434,0.307224,0.249123,0.027999,0.0,11.287491,0.598188,1.72028,0.0,0.108874,0.215155,0.215155,0.111233,0.117843,0.117843,0.0,0.0,0.813343,1.935435,11.396365,0.306667,0.016046708861482552,0.18715087145968912,0.796802301793971,2,2
1,14.73491999366896,0.0,11.287491078561532,0.0211950940044729,0.3784500057004986,2.318467855314847,0.4611885217184416,0.1954343015518247,0.0,0.0726931368173446,read_openmm(12)->write_openmm(12)->stage_out_openmm(6)->stage_in_training(34)->read_training(1)->write_training(1)->stage_in_inference(13)->read_inference(1)->write_inference(1)->stage_out_inference(13),beegfs,beegfs,tmpfs,ssd,0.0,0.189225,0.189225,0.195434,0.0,0.740471,0.067429,0.0,11.287491,0.598188,1.72028,0.0,0.021195,0.230594,0.230594,0.072693,0.189225,0.189225,0.230594,0.230594,0.598188,1.72028,11.308686,0.268127,0.025683885637830407,0.1886441189496872,0.7856719279760823,2,2
1,14.73491999366896,0.0,11.287491078561532,0.0211950940044729,0.3784500057004986,2.318467855314847,0.4611885217184416,0.1954343015518247,0.0,0.0726931368173446,read_openmm(12)->write_openmm(12)->stage_out_openmm(6)->stage_in_training(34)->read_training(1)->write_training(1)->stage_in_inference(13)->read_inference(1)->write_inference(1)->stage_out_inference(13),beegfs,tmpfs,tmpfs,ssd,0.0,0.189225,0.189225,0.195434,0.307224,0.249123,0.027999,0.0,11.287491,0.598188,1.72028,0.0,0.021195,0.230594,0.230594,0.072693,0.189225,0.189225,0.230594,0.230594,0.598188,1.72028,11.308686,0.268127,0.025683885637830407,0.1886441189496872,0.7856719279760823,2,2
2,14.774382137595326,0.0,11.287491078561532,0.1088741391717016,0.3225712701974376,2.318467855314847,0.4303109022903254,0.1954343015518247,0.0,0.1112325905076594,read_openmm(6)->write_openmm(6)->stage_out_openmm(6)->stage_in_training(34)->read_training(1)->write_training(1)->stage_in_inference(4)->read_inference(1)->write_inference(1)->stage_out_inference(4),beegfs,beegfs,tmpfs,tmpfs,0.0,0.161286,0.161286,0.195434,0.0,0.740471,0.067429,0.0,11.287491,0.598188,1.72028,0.0,0.108874,0.215155,0.215155,0.111233,0.161286,0.161286,0.0,0.0,0.813343,1.935435,11.396365,0.306667,0.021833197286751642,0.18605028449922065,0.7921165089008582,2,2
2,14.774382137595326,0.0,11.287491078561532,0.1088741391717016,0.3225712701974376,2.318467855314847,0.4303109022903254,0.1954343015518247,0.0,0.1112325905076594,read_openmm(6)->write_openmm(6)->stage_out_openmm(6)->stage_in_training(34)->read_training(1)->write_training(1)->stage_in_inference(4)->read_inference(1)->write_inference(1)->stage_out_inference(4),beegfs,tmpfs,tmpfs,tmpfs,0.0,0.161286,0.161286,0.195434,0.307224,0.249123,0.027999,0.0,11.287491,0.598188,1.72028,0.0,0.108874,0.215155,0.215155,0.111233,0.161286,0.161286,0.0,0.0,0.813343,1.935435,11.396365,0.306667,0.021833197286751642,0.18605028449922065,0.7921165089008582,2,2
1,14.830260873098387,0.0,11.287491078561532,0.1088741391717016,0.3784500057004986,2.318467855314847,0.4303109022903254,0.1954343015518247,0.0,0.1112325905076594,read_openmm(12)->write_openmm(12)->stage_out_openmm(6)->stage_in_training(34)->read_training(1)->write_training(1)->stage_in_inference(4)->read_inference(1)->write_inference(1)->stage_out_inference(4),beegfs,beegfs,tmpfs,tmpfs,0.0,0.189225,0.189225,0.195434,0.0,0.740471,0.067429,0.0,11.287491,0.598188,1.72028,0.0,0.108874,0.215155,0.215155,0.111233,0.189225,0.189225,0.0,0.0,0.813343,1.935435,11.396365,0.306667,0.02551876890355115,0.18534926819702877,0.7891319040265928,2,2
1,14.830260873098387,0.0,11.287491078561532,0.1088741391717016,0.3784500057004986,2.318467855314847,0.4303109022903254,0.1954343015518247,0.0,0.1112325905076594,read_openmm(12)->write_openmm(12)->stage_out_openmm(6)->stage_in_training(34)->read_training(1)->write_training(1)->stage_in_inference(4)->read_inference(1)->write_inference(1)->stage_out_inference(4),beegfs,tmpfs,tmpfs,tmpfs,0.0,0.189225,0.189225,0.195434,0.307224,0.249123,0.027999,0.0,11.287491,0.598188,1.72028,0.0,0.108874,0.215155,0.215155,0.111233,0.189225,0.189225,0.0,0.0,0.813343,1.935435,11.396365,0.306667,0.02551876890355115,0.18534926819702877,0.7891319040265928,2,2
4,15.313265746455444,0.0,11.287491078561532,0.0,0.2356868640346832,2.318467855314847,1.2761856469925568,0.1954343015518247,0.0,0.0,read_openmm(3)->write_openmm(3)->stage_out_openmm(6)->stage_in_training(34)->read_training(1)->write_training(1)->read_inference(1)->write_inference(1),beegfs,beegfs,tmpfs,beegfs,0.0,0.117843,0.117843,0.195434,0.0,0.740471,0.067429,0.0,11.287491,0.598188,1.72028,0.0,0.0,0.638093,0.638093,0.0,0.755936,0.755936,0.0,0.0,0.598188,1.72028,11.287491,0.195434,0.09872956069804077,0.15140258377194973,0.7498678067842712,2,2
4,15.313265746455444,0.0,11.287491078561532,0.0,0.2356868640346832,2.318467855314847,1.2761856469925568,0.1954343015518247,0.0,0.0,read_openmm(3)->write_openmm(3)->stage_out_openmm(6)->stage_in_training(34)->read_training(1)->write_training(1)->read_inference(1)->write_inference(1),beegfs,tmpfs,tmpfs,beegfs,0.0,0.117843,0.117843,0.195434,0.307224,0.249123,0.027999,0.0,11.287491,0.598188,1.72028,0.0,0.0,0.638093,0.638093,0.0,0.755936,0.755936,0.0,0.0,0.598188,1.72028,11.287491,0.195434,0.09872956069804077,0.15140258377194973,0.7498678067842712,2,2
2,15.400150152618195,0.0,11.287491078561532,0.0,0.3225712701974376,2.318467855314847,1.2761856469925568,0.1954343015518247,0.0,0.0,read_openmm(6)->write_openmm(6)->stage_out_openmm(6)->stage_in_training(34)->read_training(1)->write_training(1)->read_inference(1)->write_inference(1),beegfs,beegfs,tmpfs,beegfs,0.0,0.161286,0.161286,0.195434,0.0,0.740471,0.067429,0.0,11.287491,0.598188,1.72028,0.0,0.0,0.638093,0.638093,0.0,0.7993790000000001,0.7993790000000001,0.0,0.0,0.598188,1.72028,11.287491,0.195434,0.10381444233698525,0.15054840225734323,0.7456372104298626,2,2
2,15.400150152618195,0.0,11.287491078561532,0.0,0.3225712701974376,2.318467855314847,1.2761856469925568,0.1954343015518247,0.0,0.0,read_openmm(6)->write_openmm(6)->stage_out_openmm(6)->stage_in_training(34)->read_training(1)->write_training(1)->read_inference(1)->write_inference(1),beegfs,tmpfs,tmpfs,beegfs,0.0,0.161286,0.161286,0.195434,0.307224,0.249123,0.027999,0.0,11.287491,0.598188,1.72028,0.0,0.0,0.638093,0.638093,0.0,0.7993790000000001,0.7993790000000001,0.0,0.0,0.598188,1.72028,11.287491,0.195434,0.10381444233698525,0.15054840225734323,0.7456372104298626,2,2
1,15.456028888121258,0.0,11.287491078561532,0.0,0.3784500057004986,2.318467855314847,1.2761856469925568,0.1954343015518247,0.0,0.0,read_openmm(12)->write_openmm(12)->stage_out_openmm(6)->stage_in_training(34)->read_training(1)->write_training(1)->read_inference(1)->write_inference(1),beegfs,beegfs,tmpfs,beegfs,0.0,0.189225,0.189225,0.195434,0.0,0.740471,0.067429,0.0,11.287491,0.598188,1.72028,0.0,0.0,0.638093,0.638093,0.0,0.827318,0.827318,0.0,0.0,0.598188,1.72028,11.287491,0.195434,0.10705440653462835,0.15000411921989293,0.7429414814839319,2,2
1,15.456028888121258,0.0,11.287491078561532,0.0,0.3784500057004986,2.318467855314847,1.2761856469925568,0.1954343015518247,0.0,0.0,read_openmm(12)->write_openmm(12)->stage_out_openmm(6)->stage_in_training(34)->read_training(1)->write_training(1)->read_inference(1)->write_inference(1),beegfs,tmpfs,tmpfs,beegfs,0.0,0.189225,0.189225,0.195434,0.307224,0.249123,0.027999,0.0,11.287491,0.598188,1.72028,0.0,0.0,0.638093,0.638093,0.0,0.827318,0.827318,0.0,0.0,0.598188,1.72028,11.287491,0.195434,0.10705440653462835,0.15000411921989293,0.7429414814839319,2,2
1,16.266222839993056,0.1954343015518247,11.287491078561532,0.0,0.0411028549313716,2.318467855314847,0.4303109022903254,1.882183256835498,0.0,0.1112325905076594,stage_in_openmm(6)->read_openmm(12)->write_openmm(12)->stage_out_openmm(24)->stage_in_training(34)->read_training(1)->write_training(1)->read_inference(1)->write_inference(1)->stage_out_inference(4),tmpfs,beegfs,tmpfs,tmpfs,0.195434,0.020551,0.020551,1.882183,0.0,0.740471,0.067429,0.0,11.287491,0.598188,1.72028,0.0,0.0,0.215155,0.215155,0.111233,0.0,0.0,0.0,0.0,0.833894,1.955986,11.482925,1.9934159999999999,0.0,0.17151369604629246,0.8284861908362326,2,2
4,16.282395733412493,0.1954343015518247,11.287491078561532,0.0,0.0572757483508076,2.318467855314847,0.4303109022903254,1.882183256835498,0.0,0.1112325905076594,stage_in_openmm(6)->read_openmm(3)->write_openmm(3)->stage_out_openmm(24)->stage_in_training(34)->read_training(1)->write_training(1)->read_inference(1)->write_inference(1)->stage_out_inference(4),tmpfs,beegfs,tmpfs,tmpfs,0.195434,0.028638,0.028638,1.882183,0.0,0.740471,0.067429,0.0,11.287491,0.598188,1.72028,0.0,0.0,0.215155,0.215155,0.111233,0.0,0.0,0.0,0.0,0.8419810000000001,1.964073,11.482925,1.9934159999999999,0.0,0.17233667857867072,0.8276632763779891,2,2
2,16.287544199658136,0.1954343015518247,11.287491078561532,0.0,0.06242421459645,2.318467855314847,0.4303109022903254,1.882183256835498,0.0,0.1112325905076594,stage_in_openmm(6)->read_openmm(6)->write_openmm(6)->stage_out_openmm(24)->stage_in_training(34)->read_training(1)->write_training(1)->read_inference(1)->write_inference(1)->stage_out_inference(4),tmpfs,beegfs,tmpfs,tmpfs,0.195434,0.031212,0.031212,1.882183,0.0,0.740471,0.067429,0.0,11.287491,0.598188,1.72028,0.0,0.0,0.215155,0.215155,0.111233,0.0,0.0,0.0,0.0,0.8445550000000001,1.966647,11.482925,1.9934159999999999,0.0,0.17259827298327965,0.8274016533617163,2,2
1,17.000864994187626,0.1954343015518247,11.287491078561532,0.0,0.0411028549313716,2.318467855314847,1.2761856469925568,1.882183256835498,0.0,0.0,stage_in_openmm(6)->read_openmm(12)->write_openmm(12)->stage_out_openmm(24)->stage_in_training(34)->read_training(1)->write_training(1)->read_inference(1)->write_inference(1),tmpfs,beegfs,tmpfs,beegfs,0.195434,0.020551,0.020551,1.882183,0.0,0.740471,0.067429,0.0,11.287491,0.598188,1.72028,0.0,0.0,0.638093,0.638093,0.0,0.638093,0.638093,0.0,0.0,0.618739,1.740831,11.482925,1.882183,0.07506594519962581,0.13879117332009683,0.786142823001569,2,2
4,17.017037887607064,0.1954343015518247,11.287491078561532,0.0,0.0572757483508076,2.318467855314847,1.2761856469925568,1.882183256835498,0.0,0.0,stage_in_openmm(6)->read_openmm(3)->write_openmm(3)->stage_out_openmm(24)->stage_in_training(34)->read_training(1)->write_training(1)->read_inference(1)->write_inference(1),tmpfs,beegfs,tmpfs,beegfs,0.195434,0.028638,0.028638,1.882183,0.0,0.740471,0.067429,0.0,11.287491,0.598188,1.72028,0.0,0.0,0.638093,0.638093,0.0,0.638093,0.638093,0.0,0.0,0.6268260000000001,1.748918,11.482925,1.882183,0.07499460296373486,0.13960972618683745,0.7853956774540988,2,2
2,17.022186353852707,0.1954343015518247,11.287491078561532,0.0,0.06242421459645,2.318467855314847,1.2761856469925568,1.882183256835498,0.0,0.0,stage_in_openmm(6)->read_openmm(6)->write_openmm(6)->stage_out_openmm(24)->stage_in_training(34)->read_training(1)->write_training(1)->read_inference(1)->write_inference(1),tmpfs,beegfs,tmpfs,beegfs,0.195434,0.031212,0.031212,1.882183,0.0,0.740471,0.067429,0.0,11.287491,0.598188,1.72028,0.0,0.0,0.638093,0.638093,0.0,0.638093,0.638093,0.0,0.0,0.6294000000000001,1.751492,11.482925,1.882183,0.0749719203791398,0.13986992919161542,0.7851581296414506,2,2
4,17.038339623341088,0.0,0.9809230290601364,0.0211950940044729,0.2356868640346832,15.228001427496338,0.4611885217184416,0.0386515502096744,0.0,0.0726931368173446,read_openmm(3)->write_openmm(3)->stage_out_openmm(24)->stage_in_training(34)->read_training(1)->write_training(1)->stage_in_inference(13)->read_inference(1)->write_inference(1)->stage_out_inference(13),beegfs,beegfs,ssd,ssd,0.0,0.117843,0.117843,0.038652,0.0,0.740471,0.067429,0.0,0.980923,0.669291,14.558711,0.0,0.021195,0.230594,0.230594,0.072693,0.117843,0.117843,0.8998849999999999,14.789305,0.0,0.0,1.002118,0.111345,0.013832685884316819,0.9208168370177464,0.06535044051326366,3,3
4,17.038339623341088,0.0,0.9809230290601364,0.0211950940044729,0.2356868640346832,15.228001427496338,0.4611885217184416,0.0386515502096744,0.0,0.0726931368173446,read_openmm(3)->write_openmm(3)->stage_out_openmm(24)->stage_in_training(34)->read_training(1)->write_training(1)->stage_in_inference(13)->read_inference(1)->write_inference(1)->stage_out_inference(13),beegfs,ssd,ssd,ssd,0.0,0.117843,0.117843,0.038652,0.053233,0.268205,0.102143,0.0,0.980923,0.669291,14.558711,0.0,0.021195,0.230594,0.230594,0.072693,0.117843,0.117843,0.8998849999999999,14.789305,0.0,0.0,1.002118,0.111345,0.013832685884316819,0.9208168370177464,0.06535044051326366,3,3
2,17.125224029503844,0.0,0.9809230290601364,0.0211950940044729,0.3225712701974376,15.228001427496338,0.4611885217184416,0.0386515502096744,0.0,0.0726931368173446,read_openmm(6)->write_openmm(6)->stage_out_openmm(24)->stage_in_training(34)->read_training(1)->write_training(1)->stage_in_inference(13)->read_inference(1)->write_inference(1)->stage_out_inference(13),beegfs,beegfs,ssd,ssd,0.0,0.161286,0.161286,0.038652,0.0,0.740471,0.067429,0.0,0.980923,0.669291,14.558711,0.0,0.021195,0.230594,0.230594,0.072693,0.161286,0.161286,0.8998849999999999,14.789305,0.0,0.0,1.002118,0.111345,0.018836074754072975,0.9161450952682011,0.06501888664823469,3,3
2,17.125224029503844,0.0,0.9809230290601364,0.0211950940044729,0.3225712701974376,15.228001427496338,0.4611885217184416,0.0386515502096744,0.0,0.0726931368173446,read_openmm(6)->write_openmm(6)->stage_out_openmm(24)->stage_in_training(34)->read_training(1)->write_training(1)->stage_in_inference(13)->read_inference(1)->write_inference(1)->stage_out_inference(13),beegfs,ssd,ssd,ssd,0.0,0.161286,0.161286,0.038652,0.053233,0.268205,0.102143,0.0,0.980923,0.669291,14.558711,0.0,0.021195,0.230594,0.230594,0.072693,0.161286,0.161286,0.8998849999999999,14.789305,0.0,0.0,1.002118,0.111345,0.018836074754072975,0.9161450952682011,0.06501888664823469,3,3
1,17.181102765006905,0.0,0.9809230290601364,0.0211950940044729,0.3784500057004986,15.228001427496338,0.4611885217184416,0.0386515502096744,0.0,0.0726931368173446,read_openmm(12)->write_openmm(12)->stage_out_openmm(24)->stage_in_training(34)->read_training(1)->write_training(1)->stage_in_inference(13)->read_inference(1)->write_inference(1)->stage_out_inference(13),beegfs,beegfs,ssd,ssd,0.0,0.189225,0.189225,0.038652,0.0,0.740471,0.067429,0.0,0.980923,0.669291,14.558711,0.0,0.021195,0.230594,0.230594,0.072693,0.189225,0.189225,0.8998849999999999,14.789305,0.0,0.0,1.002118,0.111345,0.02202710764123795,0.9131654827159043,0.06480742332021595,3,3
1,17.181102765006905,0.0,0.9809230290601364,0.0211950940044729,0.3784500057004986,15.228001427496338,0.4611885217184416,0.0386515502096744,0.0,0.0726931368173446,read_openmm(12)->write_openmm(12)->stage_out_openmm(24)->stage_in_training(34)->read_training(1)->write_training(1)->stage_in_inference(13)->read_inference(1)->write_inference(1)->stage_out_inference(13),beegfs,ssd,ssd,ssd,0.0,0.189225,0.189225,0.038652,0.053233,0.268205,0.102143,0.0,0.980923,0.669291,14.558711,0.0,0.021195,0.230594,0.230594,0.072693,0.189225,0.189225,0.8998849999999999,14.789305,0.0,0.0,1.002118,0.111345,0.02202710764123795,0.9131654827159043,0.06480742332021595,3,3
4,17.29046325411267,0.0,0.9809230290601364,0.1088741391717016,0.2356868640346832,15.228001427496338,0.4303109022903254,0.1954343015518247,0.0,0.1112325905076594,read_openmm(3)->write_openmm(3)->stage_out_openmm(6)->stage_in_training(34)->read_training(1)->write_training(1)->stage_in_inference(4)->read_inference(1)->write_inference(1)->stage_out_inference(4),beegfs,beegfs,ssd,tmpfs,0.0,0.117843,0.117843,0.195434,0.0,0.740471,0.067429,0.0,0.980923,0.669291,14.558711,0.0,0.108874,0.215155,0.215155,0.111233,0.117843,0.117843,0.669291,14.558711,0.215155,0.215155,1.089797,0.306667,0.013630982382379296,0.905603960395604,0.08076498468991336,3,3
4,17.29046325411267,0.0,0.9809230290601364,0.1088741391717016,0.2356868640346832,15.228001427496338,0.4303109022903254,0.1954343015518247,0.0,0.1112325905076594,read_openmm(3)->write_openmm(3)->stage_out_openmm(6)->stage_in_training(34)->read_training(1)->write_training(1)->stage_in_inference(4)->read_inference(1)->write_inference(1)->stage_out_inference(4),beegfs,ssd,ssd,tmpfs,0.0,0.117843,0.117843,0.195434,0.053233,0.268205,0.102143,0.0,0.980923,0.669291,14.558711,0.0,0.108874,0.215155,0.215155,0.111233,0.117843,0.117843,0.669291,14.558711,0.215155,0.215155,1.089797,0.306667,0.013630982382379296,0.905603960395604,0.08076498468991336,3,3
2,17.377347660275422,0.0,0.9809230290601364,0.1088741391717016,0.3225712701974376,15.228001427496338,0.4303109022903254,0.1954343015518247,0.0,0.1112325905076594,read_openmm(6)->write_openmm(6)->stage_out_openmm(6)->stage_in_training(34)->read_training(1)->write_training(1)->stage_in_inference(4)->read_inference(1)->write_inference(1)->stage_out_inference(4),beegfs,beegfs,ssd,tmpfs,0.0,0.161286,0.161286,0.195434,0.0,0.740471,0.067429,0.0,0.980923,0.669291,14.558711,0.0,0.108874,0.215155,0.215155,0.111233,0.161286,0.161286,0.669291,14.558711,0.215155,0.215155,1.089797,0.306667,0.018562786813397326,0.9010760621308145,0.08036117060558289,3,3
2,17.377347660275422,0.0,0.9809230290601364,0.1088741391717016,0.3225712701974376,15.228001427496338,0.4303109022903254,0.1954343015518247,0.0,0.1112325905076594,read_openmm(6)->write_openmm(6)->stage_out_openmm(6)->stage_in_training(34)->read_training(1)->write_training(1)->stage_in_inference(4)->read_inference(1)->write_inference(1)->stage_out_inference(4),beegfs,ssd,ssd,tmpfs,0.0,0.161286,0.161286,0.195434,0.053233,0.268205,0.102143,0.0,0.980923,0.669291,14.558711,0.0,0.108874,0.215155,0.215155,0.111233,0.161286,0.161286,0.669291,14.558711,0.215155,0.215155,1.089797,0.306667,0.018562786813397326,0.9010760621308145,0.08036117060558289,3,3
1,17.433226395778483,0.0,0.9809230290601364,0.1088741391717016,0.3784500057004986,15.228001427496338,0.4303109022903254,0.1954343015518247,0.0,0.1112325905076594,read_openmm(12)->write_openmm(12)->stage_out_openmm(6)->stage_in_training(34)->read_training(1)->write_training(1)->stage_in_inference(4)->read_inference(1)->write_inference(1)->stage_out_inference(4),beegfs,beegfs,ssd,tmpfs,0.0,0.189225,0.189225,0.195434,0.0,0.740471,0.067429,0.0,0.980923,0.669291,14.558711,0.0,0.108874,0.215155,0.215155,0.111233,0.189225,0.189225,0.669291,14.558711,0.215155,0.215155,1.089797,0.306667,0.021708546163986108,0.8981878422568308,0.0801035888765879,3,3
1,17.433226395778483,0.0,0.9809230290601364,0.1088741391717016,0.3784500057004986,15.228001427496338,0.4303109022903254,0.1954343015518247,0.0,0.1112325905076594,read_openmm(12)->write_openmm(12)->stage_out_openmm(6)->stage_in_training(34)->read_training(1)->write_training(1)->stage_in_inference(4)->read_inference(1)->write_inference(1)->stage_out_inference(4),beegfs,ssd,ssd,tmpfs,0.0,0.189225,0.189225,0.195434,0.053233,0.268205,0.102143,0.0,0.980923,0.669291,14.558711,0.0,0.108874,0.215155,0.215155,0.111233,0.189225,0.189225,0.669291,14.558711,0.215155,0.215155,1.089797,0.306667,0.021708546163986108,0.8981878422568308,0.0801035888765879,3,3
4,17.759448517793388,0.0,0.9809230290601364,0.0,0.2356868640346832,15.228001427496338,1.2761856469925568,0.0386515502096744,0.0,0.0,read_openmm(3)->write_openmm(3)->stage_out_openmm(24)->stage_in_training(34)->read_training(1)->write_training(1)->read_inference(1)->write_inference(1),beegfs,beegfs,ssd,beegfs,0.0,0.117843,0.117843,0.038652,0.0,0.740471,0.067429,0.0,0.980923,0.669291,14.558711,0.0,0.0,0.638093,0.638093,0.0,0.755936,0.755936,0.669291,14.558711,0.0,0.0,0.980923,0.038652,0.08513057139613056,0.8574591708037578,0.05741028495217175,3,3
4,17.759448517793388,0.0,0.9809230290601364,0.0,0.2356868640346832,15.228001427496338,1.2761856469925568,0.0386515502096744,0.0,0.0,read_openmm(3)->write_openmm(3)->stage_out_openmm(24)->stage_in_training(34)->read_training(1)->write_training(1)->read_inference(1)->write_inference(1),beegfs,ssd,ssd,beegfs,0.0,0.117843,0.117843,0.038652,0.053233,0.268205,0.102143,0.0,0.980923,0.669291,14.558711,0.0,0.0,0.638093,0.638093,0.0,0.755936,0.755936,0.669291,14.558711,0.0,0.0,0.980923,0.038652,0.08513057139613056,0.8574591708037578,0.05741028495217175,3,3
2,17.846332923956144,0.0,0.9809230290601364,0.0,0.3225712701974376,15.228001427496338,1.2761856469925568,0.0386515502096744,0.0,0.0,read_openmm(6)->write_openmm(6)->stage_out_openmm(24)->stage_in_training(34)->read_training(1)->write_training(1)->read_inference(1)->write_inference(1),beegfs,beegfs,ssd,beegfs,0.0,0.161286,0.161286,0.038652,0.0,0.740471,0.067429,0.0,0.980923,0.669291,14.558711,0.0,0.0,0.638093,0.638093,0.0,0.7993790000000001,0.7993790000000001,0.669291,14.558711,0.0,0.0,0.980923,0.038652,0.08958467864587505,0.8532846532050143,0.05713078447793101,3,3
2,17.846332923956144,0.0,0.9809230290601364,0.0,0.3225712701974376,15.228001427496338,1.2761856469925568,0.0386515502096744,0.0,0.0,read_openmm(6)->write_openmm(6)->stage_out_openmm(24)->stage_in_training(34)->read_training(1)->write_training(1)->read_inference(1)->write_inference(1),beegfs,ssd,ssd,beegfs,0.0,0.161286,0.161286,0.038652,0.053233,0.268205,0.102143,0.0,0.980923,0.669291,14.558711,0.0,0.0,0.638093,0.638093,0.0,0.7993790000000001,0.7993790000000001,0.669291,14.558711,0.0,0.0,0.980923,0.038652,0.08958467864587505,0.8532846532050143,0.05713078447793101,3,3
1,17.902211659459205,0.0,0.9809230290601364,0.0,0.3784500057004986,15.228001427496338,1.2761856469925568,0.0386515502096744,0.0,0.0,read_openmm(12)->write_openmm(12)->stage_out_openmm(24)->stage_in_training(34)->read_training(1)->write_training(1)->read_inference(1)->write_inference(1),beegfs,beegfs,ssd,beegfs,0.0,0.189225,0.189225,0.038652,0.0,0.740471,0.067429,0.0,0.980923,0.669291,14.558711,0.0,0.0,0.638093,0.638093,0.0,0.827318,0.827318,0.669291,14.558711,0.0,0.0,0.980923,0.038652,0.09242634549712901,0.8506212690180629,0.05695246036604746,3,3
1,17.902211659459205,0.0,0.9809230290601364,0.0,0.3784500057004986,15.228001427496338,1.2761856469925568,0.0386515502096744,0.0,0.0,read_openmm(12)->write_openmm(12)->stage_out_openmm(24)->stage_in_training(34)->read_training(1)->write_training(1)->read_inference(1)->write_inference(1),beegfs,ssd,ssd,beegfs,0.0,0.189225,0.189225,0.038652,0.053233,0.268205,0.102143,0.0,0.980923,0.669291,14.558711,0.0,0.0,0.638093,0.638093,0.0,0.827318,0.827318,0.669291,14.558711,0.0,0.0,0.980923,0.038652,0.09242634549712901,0.8506212690180629,0.05695246036604746,3,3
4,18.20149513951955,0.0386515502096744,0.0,0.0,0.5157529127306588,15.228001427496338,0.4611885217184416,1.885207590547096,0.0,0.0726931368173446,stage_in_openmm(24)->read_openmm(3)->write_openmm(3)->stage_out_openmm(24)->read_training(1)->write_training(1)->read_inference(1)->write_inference(1)->stage_out_inference(13),ssd,ssd,ssd,ssd,0.038652,0.257876,0.257876,1.885208,0.0,0.268205,0.102143,0.0,0.0,0.669291,14.558711,0.0,0.0,0.230594,0.230594,0.072693,0.0,0.0,1.157761,15.047181,0.0,0.0,0.038652,1.957901,0.0,0.8903082892797376,0.1096917030549278,3,3
2,18.69156987391267,0.0386515502096744,0.0,0.0,1.0058276471237744,15.228001427496338,0.4611885217184416,1.885207590547096,0.0,0.0726931368173446,stage_in_openmm(24)->read_openmm(6)->write_openmm(6)->stage_out_openmm(24)->read_training(1)->write_training(1)->read_inference(1)->write_inference(1)->stage_out_inference(13),ssd,ssd,ssd,ssd,0.038652,0.502914,0.502914,1.885208,0.0,0.268205,0.102143,0.0,0.0,0.669291,14.558711,0.0,0.0,0.230594,0.230594,0.072693,0.0,0.0,1.402799,15.292219000000001,0.0,0.0,0.038652,1.957901,0.0,0.8931843666753698,0.10681569357030997,3,3
1,18.86208455186989,0.0386515502096744,0.0,0.0,1.1763423250809963,15.228001427496338,0.4611885217184416,1.885207590547096,0.0,0.0726931368173446,stage_in_openmm(24)->read_openmm(12)->write_openmm(12)->stage_out_openmm(24)->read_training(1)->write_training(1)->read_inference(1)->write_inference(1)->stage_out_inference(13),ssd,ssd,ssd,ssd,0.038652,0.588171,0.588171,1.885208,0.0,0.268205,0.102143,0.0,0.0,0.669291,14.558711,0.0,0.0,0.230594,0.230594,0.072693,0.0,0.0,1.4880559999999998,15.377476000000001,0.0,0.0,0.038652,1.957901,0.0,0.8941499521762639,0.10585007158193266,3,3
4,18.943799127976327,0.0386515502096744,0.0,0.0,0.5157529127306588,15.228001427496338,1.2761856469925568,1.885207590547096,0.0,0.0,stage_in_openmm(24)->read_openmm(3)->write_openmm(3)->stage_out_openmm(24)->read_training(1)->write_training(1)->read_inference(1)->write_inference(1),ssd,ssd,ssd,beegfs,0.038652,0.257876,0.257876,1.885208,0.0,0.268205,0.102143,0.0,0.0,0.669291,14.558711,0.0,0.0,0.638093,0.638093,0.0,0.638093,0.638093,0.927167,14.816587,0.0,0.0,0.038652,1.885208,0.06736695165413008,0.8310769077332906,0.1015561866446699,3,3
4,19.182418168579687,0.0386515502096744,0.9809230290601364,0.0,0.5157529127306588,15.228001427496338,0.4611885217184416,1.885207590547096,0.0,0.0726931368173446,stage_in_openmm(24)->read_openmm(3)->write_openmm(3)->stage_out_openmm(24)->stage_in_training(34)->read_training(1)->write_training(1)->read_inference(1)->write_inference(1)->stage_out_inference(13),ssd,beegfs,ssd,ssd,0.038652,0.257876,0.257876,1.885208,0.0,0.740471,0.067429,0.0,0.980923,0.669291,14.558711,0.0,0.0,0.230594,0.230594,0.072693,0.0,0.0,1.157761,15.047181,0.0,0.0,1.019575,1.957901,0.0,0.8447809789978636,0.1552190122138446,3,3
2,19.43387386236944,0.0386515502096744,0.0,0.0,1.0058276471237744,15.228001427496338,1.2761856469925568,1.885207590547096,0.0,0.0,stage_in_openmm(24)->read_openmm(6)->write_openmm(6)->stage_out_openmm(24)->read_training(1)->write_training(1)->read_inference(1)->write_inference(1),ssd,ssd,ssd,beegfs,0.038652,0.502914,0.502914,1.885208,0.0,0.268205,0.102143,0.0,0.0,0.669291,14.558711,0.0,0.0,0.638093,0.638093,0.0,0.638093,0.638093,1.172205,15.061625000000001,0.0,0.0,0.038652,1.885208,0.06566812201406035,0.8353367998046627,0.09899518817630826,3,3
1,19.604388540326664,0.0386515502096744,0.0,0.0,1.1763423250809963,15.228001427496338,1.2761856469925568,1.885207590547096,0.0,0.0,stage_in_openmm(24)->read_openmm(12)->write_openmm(12)->stage_out_openmm(24)->read_training(1)->write_training(1)->read_inference(1)->write_inference(1),ssd,ssd,ssd,beegfs,0.038652,0.588171,0.588171,1.885208,0.0,0.268205,0.102143,0.0,0.0,0.669291,14.558711,0.0,0.0,0.638093,0.638093,0.0,0.638093,0.638093,1.2574619999999999,15.146882000000002,0.0,0.0,0.038652,1.885208,0.06509695507078897,0.836768969675084,0.09813414971053441,3,3
2,19.67249290297281,0.0386515502096744,0.9809230290601364,0.0,1.0058276471237744,15.228001427496338,0.4611885217184416,1.885207590547096,0.0,0.0726931368173446,stage_in_openmm(24)->read_openmm(6)->write_openmm(6)->stage_out_openmm(24)->stage_in_training(34)->read_training(1)->write_training(1)->read_inference(1)->write_inference(1)->stage_out_inference(13),ssd,beegfs,ssd,ssd,0.038652,0.502914,0.502914,1.885208,0.0,0.740471,0.067429,0.0,0.980923,0.669291,14.558711,0.0,0.0,0.230594,0.230594,0.072693,0.0,0.0,1.402799,15.292219000000001,0.0,0.0,1.019575,1.957901,0.0,0.8486478090164306,0.15135224674804215,3,3
1,19.843007580930028,0.0386515502096744,0.9809230290601364,0.0,1.1763423250809963,15.228001427496338,0.4611885217184416,1.885207590547096,0.0,0.0726931368173446,stage_in_openmm(24)->read_openmm(12)->write_openmm(12)->stage_out_openmm(24)->stage_in_training(34)->read_training(1)->write_training(1)->read_inference(1)->write_inference(1)->stage_out_inference(13),ssd,beegfs,ssd,ssd,0.038652,0.588171,0.588171,1.885208,0.0,0.740471,0.067429,0.0,0.980923,0.669291,14.558711,0.0,0.0,0.230594,0.230594,0.072693,0.0,0.0,1.4880559999999998,15.377476000000001,0.0,0.0,1.019575,1.957901,0.0,0.8499483725545539,0.15005164856467276,3,3
4,19.924722157036463,0.0386515502096744,0.9809230290601364,0.0,0.5157529127306588,15.228001427496338,1.2761856469925568,1.885207590547096,0.0,0.0,stage_in_openmm(24)->read_openmm(3)->write_openmm(3)->stage_out_openmm(24)->stage_in_training(34)->read_training(1)->write_training(1)->read_inference(1)->write_inference(1),ssd,beegfs,ssd,beegfs,0.038652,0.257876,0.257876,1.885208,0.0,0.740471,0.067429,0.0,0.980923,0.669291,14.558711,0.0,0.0,0.638093,0.638093,0.0,0.638093,0.638093,0.927167,14.816587,0.0,0.0,1.019575,1.885208,0.0640503787175395,0.7901617837335447,0.14578787985628314,3,3
2,20.414796891429575,0.0386515502096744,0.9809230290601364,0.0,1.0058276471237744,15.228001427496338,1.2761856469925568,1.885207590547096,0.0,0.0,stage_in_openmm(24)->read_openmm(6)->write_openmm(6)->stage_out_openmm(24)->stage_in_training(34)->read_training(1)->write_training(1)->read_inference(1)->write_inference(1),ssd,beegfs,ssd,beegfs,0.038652,0.502914,0.502914,1.885208,0.0,0.740471,0.067429,0.0,0.980923,0.669291,14.558711,0.0,0.0,0.638093,0.638093,0.0,0.638093,0.638093,1.172205,15.061625000000001,0.0,0.0,1.019575,1.885208,0.06251279436121644,0.7951991923473117,0.14228811657780085,3,3
1,20.5853115693868,0.0386515502096744,0.9809230290601364,0.0,1.1763423250809963,15.228001427496338,1.2761856469925568,1.885207590547096,0.0,0.0,stage_in_openmm(24)->read_openmm(12)->write_openmm(12)->stage_out_openmm(24)->stage_in_training(34)->read_training(1)->write_training(1)->read_inference(1)->write_inference(1),ssd,beegfs,ssd,beegfs,0.038652,0.588171,0.588171,1.885208,0.0,0.740471,0.067429,0.0,0.980923,0.669291,14.558711,0.0,0.0,0.638093,0.638093,0.0,0.638093,0.638093,1.2574619999999999,15.146882000000002,0.0,0.0,1.019575,1.885208,0.06199498101830059,0.7968955895909164,0.1411094988875307,3,3
